<foo>
<!-- 
To add the queues for the simulators to your wls domain, edit the config/jms/oms_jms_module-jms.xml file
in your wls domain directory and copy/paste the following entries at the end of the file.
-->
    <queue name="ExternalSystemEmulator_DslProvisioningRegion1_Queue">
        <sub-deployment-name>oms_jms_server</sub-deployment-name>
        <delivery-params-overrides>
            <redelivery-delay>2000</redelivery-delay>
        </delivery-params-overrides>
        <delivery-failure-params>
            <redelivery-limit>2</redelivery-limit>
            <expiration-policy>Discard</expiration-policy>
        </delivery-failure-params>
        <jndi-name>oracle/communications/ordermanagement/unsupported/emulator/ExternalSystemEmulator_DslProvisioningRegion1_Request_Queue</jndi-name>
    </queue>
    <queue name="ExternalSystemEmulator_DslProvisioningRegion1_Response_Queue">
        <sub-deployment-name>oms_jms_server</sub-deployment-name>
        <delivery-params-overrides>
            <redelivery-delay>5000</redelivery-delay>
        </delivery-params-overrides>
        <delivery-failure-params>
            <redelivery-limit>2</redelivery-limit>
            <expiration-policy>Discard</expiration-policy>
        </delivery-failure-params>
        <jndi-name>oracle/communications/ordermanagement/unsupported/emulator/ExternalSystemEmulator_DslProvisioningRegion1_Response_Queue</jndi-name>
    </queue>
    <queue name="ExternalSystemEmulator_Billing_Response_Queue">
        <sub-deployment-name>oms_jms_server</sub-deployment-name>
        <delivery-params-overrides>
            <redelivery-delay>5000</redelivery-delay>
        </delivery-params-overrides>
        <delivery-failure-params>
            <redelivery-limit>2</redelivery-limit>
            <expiration-policy>Discard</expiration-policy>
        </delivery-failure-params>
        <jndi-name>oracle/communications/ordermanagement/unsupported/emulator/ExternalSystemEmulator_Billing_Response_Queue</jndi-name>
    </queue>
    <queue name="ExternalSystemEmulator_Billing_Request_Queue">
        <sub-deployment-name>oms_jms_server</sub-deployment-name>
        <delivery-params-overrides>
            <redelivery-delay>5000</redelivery-delay>
        </delivery-params-overrides>
        <delivery-failure-params>
            <redelivery-limit>2</redelivery-limit>
            <expiration-policy>Discard</expiration-policy>
        </delivery-failure-params>
        <jndi-name>oracle/communications/ordermanagement/unsupported/emulator/ExternalSystemEmulator_Billing_Request_Queue</jndi-name>
    </queue>
    
    <queue name="ExternalSystemEmulator_DslProvisioningRegion2_Response_Queue">
        <sub-deployment-name>oms_jms_server</sub-deployment-name>
        <delivery-params-overrides>
            <redelivery-delay>5000</redelivery-delay>
        </delivery-params-overrides>
        <delivery-failure-params>
            <redelivery-limit>2</redelivery-limit>
            <expiration-policy>Discard</expiration-policy>
        </delivery-failure-params>
        <jndi-name>oracle/communications/ordermanagement/unsupported/emulator/ExternalSystemEmulator_DslProvisioningRegion2_Response_Queue</jndi-name>
    </queue>
    <queue name="ExternalSystemEmulator_DslProvisioningRegion2_Request_Queue">
        <sub-deployment-name>oms_jms_server</sub-deployment-name>
        <delivery-params-overrides>
            <redelivery-delay>5000</redelivery-delay>
        </delivery-params-overrides>
        <delivery-failure-params>
            <redelivery-limit>2</redelivery-limit>
            <expiration-policy>Discard</expiration-policy>
        </delivery-failure-params>
        <jndi-name>oracle/communications/ordermanagement/unsupported/emulator/ExternalSystemEmulator_DslProvisioningRegion2_Request_Queue</jndi-name>
    </queue>
    
    
    <queue name="ExternalSystemEmulator_MobileProvisioning_Response_Queue">
        <sub-deployment-name>oms_jms_server</sub-deployment-name>
        <delivery-params-overrides>
            <redelivery-delay>5000</redelivery-delay>
        </delivery-params-overrides>
        <delivery-failure-params>
            <redelivery-limit>2</redelivery-limit>
            <expiration-policy>Discard</expiration-policy>
        </delivery-failure-params>
        <jndi-name>oracle/communications/ordermanagement/unsupported/emulator/ExternalSystemEmulator_MobileProvisioning_Response_Queue</jndi-name>
    </queue>
    <queue name="ExternalSystemEmulator_MobileProvisioning_Request_Queue">
        <sub-deployment-name>oms_jms_server</sub-deployment-name>
        <delivery-params-overrides>
            <redelivery-delay>5000</redelivery-delay>
        </delivery-params-overrides>
        <delivery-failure-params>
            <redelivery-limit>2</redelivery-limit>
            <expiration-policy>Discard</expiration-policy>
        </delivery-failure-params>
        <jndi-name>oracle/communications/ordermanagement/unsupported/emulator/ExternalSystemEmulator_MobileProvisioning_Request_Queue</jndi-name>
    </queue>
    
    <queue name="ExternalSystemEmulator_FixedProvisioning_Response_Queue">
        <sub-deployment-name>oms_jms_server</sub-deployment-name>
        <delivery-params-overrides>
            <redelivery-delay>5000</redelivery-delay>
        </delivery-params-overrides>
        <delivery-failure-params>
            <redelivery-limit>2</redelivery-limit>
            <expiration-policy>Discard</expiration-policy>
        </delivery-failure-params>
        <jndi-name>oracle/communications/ordermanagement/unsupported/emulator/ExternalSystemEmulator_FixedProvisioning_Response_Queue</jndi-name>
    </queue>
    <queue name="ExternalSystemEmulator_FixedProvisioning_Request_Queue">
        <sub-deployment-name>oms_jms_server</sub-deployment-name>
        <delivery-params-overrides>
            <redelivery-delay>5000</redelivery-delay>
        </delivery-params-overrides>
        <delivery-failure-params>
            <redelivery-limit>2</redelivery-limit>
            <expiration-policy>Discard</expiration-policy>
        </delivery-failure-params>
        <jndi-name>oracle/communications/ordermanagement/unsupported/emulator/ExternalSystemEmulator_FixedProvisioning_Request_Queue</jndi-name>
    </queue>
    
    <queue name="ExternalSystemEmulator_Marketing_Response_Queue">
        <sub-deployment-name>oms_jms_server</sub-deployment-name>
        <delivery-params-overrides>
            <redelivery-delay>5000</redelivery-delay>
        </delivery-params-overrides>
        <delivery-failure-params>
            <redelivery-limit>2</redelivery-limit>
            <expiration-policy>Discard</expiration-policy>
        </delivery-failure-params>
        <jndi-name>oracle/communications/ordermanagement/unsupported/emulator/ExternalSystemEmulator_Marketing_Response_Queue</jndi-name>
    </queue>
    <queue name="ExternalSystemEmulator_Marketing_Request_Queue">
        <sub-deployment-name>oms_jms_server</sub-deployment-name>
        <delivery-params-overrides>
            <redelivery-delay>5000</redelivery-delay>
        </delivery-params-overrides>
        <delivery-failure-params>
            <redelivery-limit>2</redelivery-limit>
            <expiration-policy>Discard</expiration-policy>
        </delivery-failure-params>
        <jndi-name>oracle/communications/ordermanagement/unsupported/emulator/ExternalSystemEmulator_Marketing_Request_Queue</jndi-name>
    </queue>
    
    <queue name="ExternalSystemEmulator_Collections_Response_Queue">
        <sub-deployment-name>oms_jms_server</sub-deployment-name>
        <delivery-params-overrides>
            <redelivery-delay>5000</redelivery-delay>
        </delivery-params-overrides>
        <delivery-failure-params>
            <redelivery-limit>2</redelivery-limit>
            <expiration-policy>Discard</expiration-policy>
        </delivery-failure-params>
        <jndi-name>oracle/communications/ordermanagement/unsupported/emulator/ExternalSystemEmulator_Collections_Response_Queue</jndi-name>
    </queue>
    <queue name="ExternalSystemEmulator_Collections_Request_Queue">
        <sub-deployment-name>oms_jms_server</sub-deployment-name>
        <delivery-params-overrides>
            <redelivery-delay>5000</redelivery-delay>
        </delivery-params-overrides>
        <delivery-failure-params>
            <redelivery-limit>2</redelivery-limit>
            <expiration-policy>Discard</expiration-policy>
        </delivery-failure-params>
        <jndi-name>oracle/communications/ordermanagement/unsupported/emulator/ExternalSystemEmulator_Collections_Request_Queue</jndi-name>
    </queue>
    
    <queue name="ExternalSystemEmulator_Customer_Response_Queue">
        <sub-deployment-name>oms_jms_server</sub-deployment-name>
        <delivery-params-overrides>
            <redelivery-delay>5000</redelivery-delay>
        </delivery-params-overrides>
        <delivery-failure-params>
            <redelivery-limit>2</redelivery-limit>
            <expiration-policy>Discard</expiration-policy>
        </delivery-failure-params>
        <jndi-name>oracle/communications/ordermanagement/unsupported/emulator/ExternalSystemEmulator_Customer_Response_Queue</jndi-name>
    </queue>
    <queue name="ExternalSystemEmulator_Customer_Request_Queue">
        <sub-deployment-name>oms_jms_server</sub-deployment-name>
        <delivery-params-overrides>
            <redelivery-delay>5000</redelivery-delay>
        </delivery-params-overrides>
        <delivery-failure-params>
            <redelivery-limit>2</redelivery-limit>
            <expiration-policy>Discard</expiration-policy>
        </delivery-failure-params>
        <jndi-name>oracle/communications/ordermanagement/unsupported/emulator/ExternalSystemEmulator_Customer_Request_Queue</jndi-name>
    </queue>
    
    
    <queue name="ExternalSystemEmulator_Customer_Status_Queue">
        <sub-deployment-name>oms_jms_server</sub-deployment-name>
        <delivery-params-overrides>
            <redelivery-delay>5000</redelivery-delay>
        </delivery-params-overrides>
        <delivery-failure-params>
            <redelivery-limit>2</redelivery-limit>
            <expiration-policy>Discard</expiration-policy>
        </delivery-failure-params>
        <jndi-name>oracle/communications/ordermanagement/unsupported/emulator/ExternalSystemEmulator_Customer_Status_Queue</jndi-name>
    </queue>
    
</foo>