<_25:manifest xmlns:xsi="http://www.w3.org/2001/XMLSchema-instance" xmlns:_25="http://www.metasolv.com/OMS/OrderModel/2002/06/25" xmlns:model="http://xmlns.oracle.com/communications/ordermanagement/model" xsi:type="_25:CompositeCartridgeManifestType" name="OsmCentralOMExample-Solution">
  <model:description>OsmCentralOMExample-Solution</model:description>
  <_25:referencedCartridge>
    <_25:namespace>OsmCentralOMExample-Orchestration</_25:namespace>
    <_25:version>1.0.0.0.0</_25:version>
  </_25:referencedCartridge>
  <_25:referencedCartridge>
    <_25:namespace>OsmCentralOMExample-ProductClasses</_25:namespace>
    <_25:version>1.0.0.0.0</_25:version>
  </_25:referencedCartridge>
  <_25:referencedCartridge>
    <_25:namespace>OsmCentralOMExample-ProductSpec</_25:namespace>
    <_25:version>1.0.0.0.0</_25:version>
  </_25:referencedCartridge>
  <_25:referencedCartridge>
    <_25:namespace>OsmCentralOMExample-SyncCustomerFunction</_25:namespace>
    <_25:version>1.0.0.0.0</_25:version>
  </_25:referencedCartridge>
  <_25:referencedCartridge>
    <_25:namespace>OsmCentralOMExample-Topology</_25:namespace>
    <_25:version>1.0.0.0.0</_25:version>
  </_25:referencedCartridge>
  <_25:referencedCartridge>
    <_25:namespace>OsmCentralOMExample-CollectionsFunction</_25:namespace>
    <_25:version>1.0.0.0.0</_25:version>
  </_25:referencedCartridge>
  <_25:referencedCartridge>
    <_25:namespace>OsmCentralOMExample-BillingFunction</_25:namespace>
    <_25:version>1.0.0.0.0</_25:version>
  </_25:referencedCartridge>
  <_25:referencedCartridge>
    <_25:namespace>OsmCentralOMExample-MarketingFunction</_25:namespace>
    <_25:version>1.0.0.0.0</_25:version>
  </_25:referencedCartridge>
  <_25:referencedCartridge>
    <_25:namespace>OsmCentralOMExample-ProvisioningFunction</_25:namespace>
    <_25:version>1.0.0.0.0</_25:version>
  </_25:referencedCartridge>
  <_25:referencedCartridge>
    <_25:namespace>OsmCentralOMExample-FulfillmentState</_25:namespace>
    <_25:version>1.0.0.0.0</_25:version>
  </_25:referencedCartridge>
  <_25:requiredEntity>
    <model:name>OsmCentralOMExampleOrder</model:name>
    <model:namespace>urn:oracle:communications:ordermanagement:OsmCentralOMExample-Solution:1.0.0.0.0</model:namespace>
  </_25:requiredEntity>
  <_25:requiredEntity>
    <model:name>FalloutOrder</model:name>
    <model:namespace>urn:oracle:communications:ordermanagement:OsmCentralOMExample-Solution:1.0.0.0.0</model:namespace>
  </_25:requiredEntity>
  <_25:requiredEntity>
    <model:name>Service.Mobile</model:name>
    <model:namespace>http://oracle.communications.ordermanagement.unsupported.centralom</model:namespace>
  </_25:requiredEntity>
  <_25:requiredEntity>
    <model:name>Service.Fixed</model:name>
    <model:namespace>http://oracle.communications.ordermanagement.unsupported.centralom</model:namespace>
  </_25:requiredEntity>
  <_25:requiredEntity>
    <model:name>Service.Broadband</model:name>
    <model:namespace>http://oracle.communications.ordermanagement.unsupported.centralom</model:namespace>
  </_25:requiredEntity>
  <_25:requiredEntity>
    <model:name>Non.Service.Offer</model:name>
    <model:namespace>http://oracle.communications.ordermanagement.unsupported.centralom</model:namespace>
  </_25:requiredEntity>
  <_25:requiredEntity>
    <model:name>BaseProductSpec</model:name>
    <model:namespace>http://oracle.communications.ordermanagement.unsupported.centralom</model:namespace>
  </_25:requiredEntity>
  <_25:requiredEntity>
    <model:name>CustomerOrderRecognition</model:name>
    <model:namespace>http://oracle.communications.ordermanagement.unsupported.centralom</model:namespace>
  </_25:requiredEntity>
  <_25:requiredEntity>
    <model:name>FalloutOrp</model:name>
    <model:namespace>http://oracle.communications.ordermanagement.unsupported.centralom</model:namespace>
  </_25:requiredEntity>
</_25:manifest>