<?xml version="1.0" encoding="UTF-8"?>
<com:modelEntity xmlns:xsi="http://www.w3.org/2001/XMLSchema-instance" xmlns="http://xmlns.oracle.com/communications/sce/osm/model/cartridge" xmlns:cart="http://xmlns.oracle.com/communications/sce/osm/model/cartridge" xmlns:com="http://www.mslv.com/studio/core/model/common" xmlns:prov="http://xmlns.oracle.com/communications/sce/osm/model/provisioning" xsi:type="provisioningCartridgeType" name="OsmCentralOMExample-Topology">
  <com:displayName>OsmCentralOMExample-Topology</com:displayName>
  <com:saveVersion>5</com:saveVersion>
  <com:id>cFJxL4Yv--+L--+l--+qIA</com:id>
  <com:provider>OSM Cartridge Provider</com:provider>
  <com:version>
    <com:major>1</com:major>
    <com:minor>0</com:minor>
    <com:maintenance>0</com:maintenance>
    <com:servicePack>0</com:servicePack>
    <com:eFix>0</com:eFix>
  </com:version>
  <com:targetApplicationVersion>
    <com:major>7</com:major>
    <com:minor>2</com:minor>
    <com:maintenance>0</com:maintenance>
  </com:targetApplicationVersion>
  <com:sealed>false</com:sealed>
  <com:deploymentList displayName="Orders" includeAll="true" relationship="com.mslv.studio.provisioning.cartridge.packageActions">
    <com:modelID>com.mslv.studio.provisioning.order</com:modelID>
    <com:elementLocationName>model</com:elementLocationName>
  </com:deploymentList>
  <com:deploymentList displayName="Java Libraries" includeAll="true" relationship="com.mslv.studio.provisioning.cartridge.packageLibrary">
    <com:extension>jar</com:extension>
    <com:elementLocationName>lib</com:elementLocationName>
  </com:deploymentList>
  <com:deploymentList displayName="Resources" includeAll="true" relationship="com.mslv.studio.provisioning.cartridge.packageResources">
    <com:extension>*</com:extension>
    <com:elementLocationName>resources</com:elementLocationName>
  </com:deploymentList>
  <com:propertyCategory name="Cartridge Management">
    <com:property name="PURGE_CARTRIDGE_BEFORE_DEPLOY">
      <com:defaultValue>false</com:defaultValue>
    </com:property>
    <com:property name="ENTITY_CONFLICT_ACTION_ON_DEPLOY">
      <com:defaultValue>replace</com:defaultValue>
    </com:property>
    <com:property name="PURGE_ORDER_ON_UNDEPLOY">
      <com:defaultValue>true</com:defaultValue>
    </com:property>
  </com:propertyCategory>
  <com:propertyCategory name="Model">
    <com:property name="DEFAULT_AUTOMATION_USER">
      <com:defaultValue>oms-automation</com:defaultValue>
    </com:property>
    <com:property name="DEFAULT_REQUEST_QUEUE">
      <com:defaultValue>osm_event</com:defaultValue>
    </com:property>
    <com:property name="DEFAULT_RESPONSE_QUEUE">
      <com:defaultValue>osm_event</com:defaultValue>
    </com:property>
    <com:property name="DEFAULT_MESSAGE_PROPERTY_SELECTOR">
      <com:defaultValue>MESSAGE_NAME = ''</com:defaultValue>
    </com:property>
    <com:property name="ACTIVATION_ENVIRONMENT_ID">
      <com:defaultValue>ENV1</com:defaultValue>
    </com:property>
  </com:propertyCategory>
  <activationEnvID></activationEnvID>
  <activationResponseQueue></activationResponseQueue>
  <cacheMaxSize>50</cacheMaxSize>
  <cacheTimeout>60</cacheTimeout>
  <standalone>false</standalone>
  <exportedEntityList includeAll="true" relationship="com.mslv.studio.provisioning.provisioningCartridge.exportedEntityList.entity">
    <com:id>---7---W--+D--+q--+WRQ</com:id>
    <com:elementType>com.mslv.studio.provisioning.provisioningCartridge.exportedEntityList</com:elementType>
    <modelID>com.mslv.studio.core.dataDictionary</modelID>
    <elementLocationName>dataDictionary</elementLocationName>
  </exportedEntityList>
  <exportedEntityList includeAll="true" relationship="com.mslv.studio.provisioning.provisioningCartridge.exportedEntityList.entity">
    <com:id>-TE3--+Q--+tIF0D---0aA</com:id>
    <com:elementType>com.mslv.studio.provisioning.provisioningCartridge.exportedEntityList</com:elementType>
    <modelID>oracle.communications.sce.osm.orchestration.decompositionRule</modelID>
    <elementLocationName>model</elementLocationName>
  </exportedEntityList>
  <exportedEntityList includeAll="true" relationship="com.mslv.studio.provisioning.provisioningCartridge.exportedEntityList.entity">
    <com:id>MCoV---m--+Vhpdk---3Gg</com:id>
    <com:elementType>com.mslv.studio.provisioning.provisioningCartridge.exportedEntityList</com:elementType>
    <modelID>com.mslv.studio.provisioning.order</modelID>
    <elementLocationName>model</elementLocationName>
  </exportedEntityList>
  <exportedEntityList includeAll="true" relationship="com.mslv.studio.provisioning.provisioningCartridge.exportedEntityList.entity">
    <com:id>IrhP--+8--+M--+---+F+g</com:id>
    <com:elementType>com.mslv.studio.provisioning.provisioningCartridge.exportedEntityList</com:elementType>
    <modelID>oracle.communications.sce.osm.orchestration.orderComponentSpec</modelID>
    <elementLocationName>model</elementLocationName>
  </exportedEntityList>
  <exportedEntityList includeAll="true" relationship="com.mslv.studio.provisioning.provisioningCartridge.exportedEntityList.entity">
    <com:id>ut8v--+---+zhvJi---YgA</com:id>
    <com:elementType>com.mslv.studio.provisioning.provisioningCartridge.exportedEntityList</com:elementType>
    <modelID>oracle.communications.sce.osm.orchestration.orderRecognitionRule</modelID>
    <elementLocationName>model</elementLocationName>
  </exportedEntityList>
  <exportedEntityList includeAll="true" relationship="com.mslv.studio.provisioning.provisioningCartridge.exportedEntityList.entity">
    <com:id>WEF4---l--+Y--+m---ksw</com:id>
    <com:elementType>com.mslv.studio.provisioning.provisioningCartridge.exportedEntityList</com:elementType>
    <modelID>com.mslv.studio.provisioning.process</modelID>
    <modelID>oracle.communications.sce.osm.orchestration.orchestrationProcess</modelID>
    <elementLocationName>model</elementLocationName>
  </exportedEntityList>
  <exportedEntityList includeAll="true" relationship="com.mslv.studio.provisioning.provisioningCartridge.exportedEntityList.entity">
    <com:id>---C---1--+OUOUjF2NbxA</com:id>
    <com:elementType>com.mslv.studio.provisioning.provisioningCartridge.exportedEntityList</com:elementType>
    <modelID>oracle.communications.sce.osm.orchestration.productSpec</modelID>
    <elementLocationName>model</elementLocationName>
  </exportedEntityList>
  <exportedEntityList includeAll="true" relationship="com.mslv.studio.provisioning.provisioningCartridge.exportedEntityList.entity">
    <com:id>SJo6--++--+z---fVgk2Gw</com:id>
    <com:elementType>com.mslv.studio.provisioning.provisioningCartridge.exportedEntityList</com:elementType>
    <modelID>com.mslv.studio.provisioning.task.manualTask</modelID>
    <modelID>com.mslv.studio.provisioning.task.automatedTask</modelID>
    <elementLocationName>model</elementLocationName>
  </exportedEntityList>
  <referencedCartridges includeAll="true" relationship="com.mslv.studio.provisioning.provisioningCartridge.referencedCartridges.cartridge">
    <com:id>--+8--+m--+Y---axZssBQ</com:id>
    <com:elementType>com.mslv.studio.provisioning.provisioningCartridge.referencedCartridges</com:elementType>
  </referencedCartridges>
  <referencedEntityList includeAll="true" relationship="com.mslv.studio.provisioning.provisioningCartridge.referencedEntityList.entity">
    <com:id>--+StIJB--+F-------vOw</com:id>
    <com:elementType>com.mslv.studio.provisioning.provisioningCartridge.referencedEntityList</com:elementType>
    <modelID>com.mslv.studio.core.dataDictionary</modelID>
    <elementLocationName>dataDictionary</elementLocationName>
  </referencedEntityList>
  <referencedEntityList includeAll="true" relationship="com.mslv.studio.provisioning.provisioningCartridge.referencedEntityList.entity">
    <com:id>chhI--+w--+C---tVIhWng</com:id>
    <com:elementType>com.mslv.studio.provisioning.provisioningCartridge.referencedEntityList</com:elementType>
    <modelID>oracle.communications.sce.osm.orchestration.decompositionRule</modelID>
    <elementLocationName>model</elementLocationName>
  </referencedEntityList>
  <referencedEntityList includeAll="true" relationship="com.mslv.studio.provisioning.provisioningCartridge.referencedEntityList.entity">
    <com:id>Zwwl--+Z--+iij1psOgB7g</com:id>
    <com:elementType>com.mslv.studio.provisioning.provisioningCartridge.referencedEntityList</com:elementType>
    <modelID>com.mslv.studio.provisioning.order</modelID>
    <elementLocationName>model</elementLocationName>
  </referencedEntityList>
  <referencedEntityList includeAll="true" relationship="com.mslv.studio.provisioning.provisioningCartridge.referencedEntityList.entity">
    <com:id>4iFqLilY--+9--+pAD8N-w</com:id>
    <com:elementType>com.mslv.studio.provisioning.provisioningCartridge.referencedEntityList</com:elementType>
    <modelID>oracle.communications.sce.osm.orchestration.orderComponentSpec</modelID>
    <elementLocationName>model</elementLocationName>
  </referencedEntityList>
  <referencedEntityList includeAll="true" relationship="com.mslv.studio.provisioning.provisioningCartridge.referencedEntityList.entity">
    <com:id>GR4S---4--+3---JZCsmEg</com:id>
    <com:elementType>com.mslv.studio.provisioning.provisioningCartridge.referencedEntityList</com:elementType>
    <modelID>oracle.communications.sce.osm.orchestration.orderRecognitionRule</modelID>
    <elementLocationName>model</elementLocationName>
  </referencedEntityList>
  <referencedEntityList includeAll="true" relationship="com.mslv.studio.provisioning.provisioningCartridge.referencedEntityList.entity">
    <com:id>+49uiDw1--+mW+dcd6hBWg</com:id>
    <com:elementType>com.mslv.studio.provisioning.provisioningCartridge.referencedEntityList</com:elementType>
    <modelID>com.mslv.studio.provisioning.process</modelID>
    <modelID>oracle.communications.sce.osm.orchestration.orchestrationProcess</modelID>
    <elementLocationName>model</elementLocationName>
  </referencedEntityList>
  <referencedEntityList includeAll="true" relationship="com.mslv.studio.provisioning.provisioningCartridge.referencedEntityList.entity">
    <com:id>tRMowr1e--+b--+N468RKA</com:id>
    <com:elementType>com.mslv.studio.provisioning.provisioningCartridge.referencedEntityList</com:elementType>
    <modelID>oracle.communications.sce.osm.orchestration.productSpec</modelID>
    <elementLocationName>model</elementLocationName>
  </referencedEntityList>
  <referencedEntityList includeAll="true" relationship="com.mslv.studio.provisioning.provisioningCartridge.referencedEntityList.entity">
    <com:id>--+N--+J--+G--+Y97lgSg</com:id>
    <com:elementType>com.mslv.studio.provisioning.provisioningCartridge.referencedEntityList</com:elementType>
    <modelID>com.mslv.studio.provisioning.task.manualTask</modelID>
    <modelID>com.mslv.studio.provisioning.task.automatedTask</modelID>
    <elementLocationName>model</elementLocationName>
  </referencedEntityList>
</com:modelEntity>