<model:orderComponentSpec xmlns:model="http://xmlns.oracle.com/communications/ordermanagement/model" name="MarketingFunction" namespace="http://oracle.communications.ordermanagement.unsupported.centralom">
  <model:description>MarketingFunction</model:description>
  <model:extends>
    <model:name>Function</model:name>
    <model:namespace>http://oracle.communications.ordermanagement.unsupported.centralom</model:namespace>
  </model:extends>
  <model:executedByTask>
    <model:name>MarketingFunction_MarketingSI</model:name>
    <model:namespace>default</model:namespace>
  </model:executedByTask>
  <model:isExecutable>false</model:isExecutable>
  <model:summaryView>
    <model:view>
      <model:name>MarketingSummaryTask</model:name>
      <model:namespace>urn:oracle:communications:ordermanagement:OsmCentralOMExample-Orchestration:1.0.0.0.0</model:namespace>
    </model:view>
    <model:workgroup>
      <model:name>SummaryRole</model:name>
      <model:namespace>urn:oracle:communications:ordermanagement:OsmCentralOMExample-Orchestration:1.0.0.0.0</model:namespace>
    </model:workgroup>
  </model:summaryView>
  <model:detailView>
    <model:view>
      <model:name>OsmCentralOMExampleQueryTask</model:name>
      <model:namespace>urn:oracle:communications:ordermanagement:OsmCentralOMExample-Orchestration:1.0.0.0.0</model:namespace>
    </model:view>
    <model:workgroup>
      <model:name>DefaultRole</model:name>
      <model:namespace>urn:oracle:communications:ordermanagement:OsmCentralOMExample-Orchestration:1.0.0.0.0</model:namespace>
    </model:workgroup>
  </model:detailView>
  <model:externalFulfillmentState name="Marketing_Started">
    <model:description>Marketing Started</model:description>
  </model:externalFulfillmentState>
  <model:externalFulfillmentState name="Marketing_Completed">
    <model:description>Marketing Completed</model:description>
  </model:externalFulfillmentState>
  <model:externalFulfillmentState name="Marketing_Failed">
    <model:description>Marketing Failed</model:description>
  </model:externalFulfillmentState>
  <model:externalFulfillmentState name="Marketing_Cancelled">
    <model:description>Marketing Cancelled</model:description>
  </model:externalFulfillmentState>
</model:orderComponentSpec>