<view name="OrderSummaryTask" xsi:schemaLocation="http://www.metasolv.com/OMS/OrderModel/2002/06/25" xmlns:xsi="http://www.w3.org/2001/XMLSchema-instance" xmlns="http://www.metasolv.com/OMS/OrderModel/2002/06/25">
   <description>OrderItemSummaryTask</description>
   <stylesheet/>
   <printStylesheet/>
	<viewNode element="OrderHeader">
	<editable>true</editable>  <minOccurs>0</minOccurs>
    <maxOccurs>1</maxOccurs>
	
	<viewNode element="numSalesOrder">
	<editable>true</editable>  <minOccurs>0</minOccurs>
    <maxOccurs>1</maxOccurs>
	
</viewNode>

<viewNode element="typeOrder">
	<editable>true</editable>  <minOccurs>0</minOccurs>
    <maxOccurs>1</maxOccurs>
	
</viewNode>


</viewNode>


	<viewNode element="CustomerDetails">
	<editable>true</editable>  <minOccurs>0</minOccurs>
    <maxOccurs>1</maxOccurs>
	
	<viewNode element="locationType">
	<editable>true</editable>  <minOccurs>1</minOccurs>
    <maxOccurs>1</maxOccurs>
	
</viewNode>

<viewNode element="nameLocation">
	<editable>true</editable>  <minOccurs>1</minOccurs>
    <maxOccurs>1</maxOccurs>
	
</viewNode>

<viewNode element="number">
	<editable>true</editable>  <minOccurs>0</minOccurs>
    <maxOccurs>1</maxOccurs>
	
</viewNode>

<viewNode element="typeCompl">
	<editable>true</editable>  <minOccurs>0</minOccurs>
    <maxOccurs>1</maxOccurs>
	
</viewNode>

<viewNode element="numCompl">
	<editable>true</editable>  <minOccurs>0</minOccurs>
    <maxOccurs>1</maxOccurs>
	
</viewNode>

<viewNode element="district">
	<editable>true</editable>  <minOccurs>0</minOccurs>
    <maxOccurs>1</maxOccurs>
	
</viewNode>

<viewNode element="codeLocation">
	<editable>true</editable>  <minOccurs>0</minOccurs>
    <maxOccurs>1</maxOccurs>
	
</viewNode>

<viewNode element="city">
	<editable>true</editable>  <minOccurs>0</minOccurs>
    <maxOccurs>1</maxOccurs>
	
</viewNode>

<viewNode element="state">
	<editable>true</editable>  <minOccurs>0</minOccurs>
    <maxOccurs>1</maxOccurs>
	
</viewNode>

<viewNode element="referencePoint">
	<editable>true</editable>  <minOccurs>0</minOccurs>
    <maxOccurs>1</maxOccurs>
	
</viewNode>

<viewNode element="areaCode">
	<editable>true</editable>  <minOccurs>0</minOccurs>
    <maxOccurs>1</maxOccurs>
	
</viewNode>

<viewNode element="typeAddress">
	<editable>true</editable>  <minOccurs>0</minOccurs>
    <maxOccurs>1</maxOccurs>
	
</viewNode>


</viewNode>


</view>