<process xmlns="http://www.metasolv.com/OMS/OrderModel/2002/06/25" name="CollectionsSI" workstream="false">
  <description>CollectionsSI</description>
  <expectedDuration>P0Y0M0DT0H0M86400S</expectedDuration>
  <startActivity>Configure_Collections_Sytem_Task</startActivity>
  <activity name="Configure_Collections_Sytem_Task">
    <task>configureCollectionsTask</task>
    <description>Configure Collections Sytem Task</description>
    <inputType>ANY</inputType>
    <processHistorySummary>true</processHistorySummary>
  </activity>
</process>