<userConfig xmlns="http://www.metasolv.com/Provisioning/UserConfig" xmlns:oms="http://www.metasolv.com/OMS/OrderModel/2002/06/25" xmlns:xsi="http://www.w3.org/2001/XMLSchema-instance">
	<automationGroup>
	
		<user>omsadmin</user>	
	</automationGroup>
	<workgroup name="SummaryRole">			
		<user>omsadmin</user>	
	</workgroup>
	<workgroup name="DefaultRole">			
		<user>omsadmin</user>	
	</workgroup>
	<workgroup name="ProvisionRole">			
		<user>omsadmin</user>	
	</workgroup>
	<workgroup name="BillingUpdateRole">			
		<user>omsadmin</user>	
	</workgroup>
	<workgroup name="ProvisioningUpdateRole">			
		<user>omsadmin</user>	
	</workgroup>
</userConfig>