<?xml version="1.0" encoding="UTF-8"?>
<com:modelEntity xmlns:xsi="http://www.w3.org/2001/XMLSchema-instance" xmlns="http://xmlns.oracle.com/communications/sce/osm/model/cartridge" xmlns:cart="http://xmlns.oracle.com/communications/sce/osm/model/cartridge" xmlns:com="http://www.mslv.com/studio/core/model/common" xmlns:prov="http://xmlns.oracle.com/communications/sce/osm/model/provisioning" xsi:type="provisioningCartridgeType" name="OsmCentralOMExample-Orchestration">
  <com:displayName>OsmCentralOMExample-Orchestration</com:displayName>
  <com:saveVersion>7</com:saveVersion>
  <com:id>---w---d--+I---v---mmw</com:id>
  <com:provider>OSM Cartridge Provider</com:provider>
  <com:version>
    <com:major>1</com:major>
    <com:minor>0</com:minor>
    <com:maintenance>0</com:maintenance>
    <com:servicePack>0</com:servicePack>
    <com:eFix>0</com:eFix>
    <com:build>131</com:build>
  </com:version>
  <com:targetApplicationVersion>
    <com:major>7</com:major>
    <com:minor>2</com:minor>
    <com:maintenance>0</com:maintenance>
  </com:targetApplicationVersion>
  <com:sealed>false</com:sealed>
  <com:deploymentList displayName="Orders" includeAll="true" relationship="com.mslv.studio.provisioning.cartridge.packageActions">
    <com:modelID>com.mslv.studio.provisioning.order</com:modelID>
    <com:elementLocationName>model</com:elementLocationName>
  </com:deploymentList>
  <com:deploymentList displayName="Java Libraries" includeAll="true" relationship="com.mslv.studio.provisioning.cartridge.packageLibrary">
    <com:extension>jar</com:extension>
    <com:elementLocationName>lib</com:elementLocationName>
  </com:deploymentList>
  <com:deploymentList displayName="Resources" includeAll="true" relationship="com.mslv.studio.provisioning.cartridge.packageResources">
    <com:extension>*</com:extension>
    <com:elementLocationName>resources</com:elementLocationName>
  </com:deploymentList>
  <com:propertyCategory name="Cartridge Management">
    <com:property name="PURGE_CARTRIDGE_BEFORE_DEPLOY">
      <com:defaultValue>false</com:defaultValue>
    </com:property>
    <com:property name="ENTITY_CONFLICT_ACTION_ON_DEPLOY">
      <com:defaultValue>replace</com:defaultValue>
    </com:property>
    <com:property name="PURGE_ORDER_ON_UNDEPLOY">
      <com:defaultValue>true</com:defaultValue>
    </com:property>
  </com:propertyCategory>
  <com:propertyCategory name="Model">
    <com:property name="DEFAULT_AUTOMATION_USER">
      <com:defaultValue>oms-automation</com:defaultValue>
    </com:property>
    <com:property name="DEFAULT_REQUEST_QUEUE">
      <com:defaultValue>osm_event</com:defaultValue>
    </com:property>
    <com:property name="DEFAULT_RESPONSE_QUEUE">
      <com:defaultValue>osm_event</com:defaultValue>
    </com:property>
    <com:property name="DEFAULT_MESSAGE_PROPERTY_SELECTOR">
      <com:defaultValue>MESSAGE_NAME = ''</com:defaultValue>
    </com:property>
    <com:property name="ACTIVATION_ENVIRONMENT_ID">
      <com:defaultValue>ENV1</com:defaultValue>
    </com:property>
  </com:propertyCategory>
  <com:dependencies>
    <com:minVersion inclusive="true"></com:minVersion>
    <com:maxVersion inclusive="false"></com:maxVersion>
    <com:projectRef>
      <com:entity>OsmCentralOMExample-Topology</com:entity>
      <com:entityType>osmCartridge</com:entityType>
      <com:relationship>unknown</com:relationship>
    </com:projectRef>
  </com:dependencies>
  <com:dependencies>
    <com:minVersion inclusive="true"></com:minVersion>
    <com:maxVersion inclusive="false"></com:maxVersion>
    <com:projectRef>
      <com:entity>OracleComms_OSM_CommonDataDictionary</com:entity>
      <com:entityType>ddCartridge</com:entityType>
      <com:relationship>unknown</com:relationship>
    </com:projectRef>
  </com:dependencies>
  <activationEnvID></activationEnvID>
  <activationResponseQueue></activationResponseQueue>
  <cacheMaxSize>50</cacheMaxSize>
  <cacheTimeout>60</cacheTimeout>
  <standalone>false</standalone>
  <exportedEntityList includeAll="true" relationship="com.mslv.studio.provisioning.provisioningCartridge.exportedEntityList.entity">
    <com:id>---8---7--+7---XovdLXA</com:id>
    <com:elementType>com.mslv.studio.provisioning.provisioningCartridge.exportedEntityList</com:elementType>
    <modelID>com.mslv.studio.core.dataDictionary</modelID>
    <elementLocationName>dataDictionary</elementLocationName>
  </exportedEntityList>
  <exportedEntityList includeAll="true" relationship="com.mslv.studio.provisioning.provisioningCartridge.exportedEntityList.entity">
    <com:id>-7AL--+5--+8TRgg--+HPA</com:id>
    <com:elementType>com.mslv.studio.provisioning.provisioningCartridge.exportedEntityList</com:elementType>
    <modelID>oracle.communications.sce.osm.orchestration.decompositionRule</modelID>
    <elementLocationName>model</elementLocationName>
  </exportedEntityList>
  <exportedEntityList includeAll="true" relationship="com.mslv.studio.provisioning.provisioningCartridge.exportedEntityList.entity">
    <com:id>Os0PcB1e--+7---l6Hl8Ew</com:id>
    <com:elementType>com.mslv.studio.provisioning.provisioningCartridge.exportedEntityList</com:elementType>
    <modelID>com.mslv.studio.provisioning.order</modelID>
    <elementLocationName>model</elementLocationName>
  </exportedEntityList>
  <exportedEntityList includeAll="true" relationship="com.mslv.studio.provisioning.provisioningCartridge.exportedEntityList.entity">
    <com:id>cBkLtyEQ--+J0Ko3VfFs-g</com:id>
    <com:elementType>com.mslv.studio.provisioning.provisioningCartridge.exportedEntityList</com:elementType>
    <modelID>oracle.communications.sce.osm.orchestration.orderComponentSpec</modelID>
    <elementLocationName>model</elementLocationName>
  </exportedEntityList>
  <exportedEntityList includeAll="true" relationship="com.mslv.studio.provisioning.provisioningCartridge.exportedEntityList.entity">
    <com:id>---0+i50--+a--+c---xLg</com:id>
    <com:elementType>com.mslv.studio.provisioning.provisioningCartridge.exportedEntityList</com:elementType>
    <modelID>oracle.communications.sce.osm.orchestration.orderRecognitionRule</modelID>
    <elementLocationName>model</elementLocationName>
  </exportedEntityList>
  <exportedEntityList includeAll="true" relationship="com.mslv.studio.provisioning.provisioningCartridge.exportedEntityList.entity">
    <com:id>s3p2--+Z--+goJBfoHh9ig</com:id>
    <com:elementType>com.mslv.studio.provisioning.provisioningCartridge.exportedEntityList</com:elementType>
    <modelID>com.mslv.studio.provisioning.process</modelID>
    <modelID>oracle.communications.sce.osm.orchestration.orchestrationProcess</modelID>
    <elementLocationName>model</elementLocationName>
  </exportedEntityList>
  <exportedEntityList includeAll="true" relationship="com.mslv.studio.provisioning.provisioningCartridge.exportedEntityList.entity">
    <com:id>M6lo8r1h--+W27Z1--+0jA</com:id>
    <com:elementType>com.mslv.studio.provisioning.provisioningCartridge.exportedEntityList</com:elementType>
    <modelID>oracle.communications.sce.osm.orchestration.productSpec</modelID>
    <elementLocationName>model</elementLocationName>
  </exportedEntityList>
  <exportedEntityList includeAll="true" relationship="com.mslv.studio.provisioning.provisioningCartridge.exportedEntityList.entity">
    <com:id>---5--+s--+i---iv3ZtbA</com:id>
    <com:elementType>com.mslv.studio.provisioning.provisioningCartridge.exportedEntityList</com:elementType>
    <modelID>com.mslv.studio.provisioning.task.manualTask</modelID>
    <modelID>com.mslv.studio.provisioning.task.automatedTask</modelID>
    <elementLocationName>model</elementLocationName>
  </exportedEntityList>
  <referencedCartridges includeAll="true" relationship="com.mslv.studio.provisioning.provisioningCartridge.referencedCartridges.cartridge">
    <com:id>---kuENv--+Kq+4ueO0SvQ</com:id>
    <com:elementType>com.mslv.studio.provisioning.provisioningCartridge.referencedCartridges</com:elementType>
  </referencedCartridges>
  <referencedEntityList includeAll="true" relationship="com.mslv.studio.provisioning.provisioningCartridge.referencedEntityList.entity">
    <com:id>---2kR0X--+8--+3--+zyQ</com:id>
    <com:elementType>com.mslv.studio.provisioning.provisioningCartridge.referencedEntityList</com:elementType>
    <modelID>com.mslv.studio.core.dataDictionary</modelID>
    <elementLocationName>dataDictionary</elementLocationName>
  </referencedEntityList>
  <referencedEntityList includeAll="true" relationship="com.mslv.studio.provisioning.provisioningCartridge.referencedEntityList.entity">
    <com:id>---I--+t--+O--+J--+HSg</com:id>
    <com:elementType>com.mslv.studio.provisioning.provisioningCartridge.referencedEntityList</com:elementType>
    <modelID>oracle.communications.sce.osm.orchestration.decompositionRule</modelID>
    <elementLocationName>model</elementLocationName>
  </referencedEntityList>
  <referencedEntityList includeAll="true" relationship="com.mslv.studio.provisioning.provisioningCartridge.referencedEntityList.entity">
    <com:id>---C---L--+9qVM+---ecw</com:id>
    <com:elementType>com.mslv.studio.provisioning.provisioningCartridge.referencedEntityList</com:elementType>
    <modelID>com.mslv.studio.provisioning.order</modelID>
    <elementLocationName>model</elementLocationName>
  </referencedEntityList>
  <referencedEntityList includeAll="true" relationship="com.mslv.studio.provisioning.provisioningCartridge.referencedEntityList.entity">
    <com:id>aaIj--+u--+F---7buQHwA</com:id>
    <com:elementType>com.mslv.studio.provisioning.provisioningCartridge.referencedEntityList</com:elementType>
    <modelID>oracle.communications.sce.osm.orchestration.orderComponentSpec</modelID>
    <elementLocationName>model</elementLocationName>
  </referencedEntityList>
  <referencedEntityList includeAll="true" relationship="com.mslv.studio.provisioning.provisioningCartridge.referencedEntityList.entity">
    <com:id>---k--+f--+Q0dkf---4pA</com:id>
    <com:elementType>com.mslv.studio.provisioning.provisioningCartridge.referencedEntityList</com:elementType>
    <modelID>oracle.communications.sce.osm.orchestration.orderRecognitionRule</modelID>
    <elementLocationName>model</elementLocationName>
  </referencedEntityList>
  <referencedEntityList includeAll="true" relationship="com.mslv.studio.provisioning.provisioningCartridge.referencedEntityList.entity">
    <com:id>--+4Gl5O--+r--+zgzVdXg</com:id>
    <com:elementType>com.mslv.studio.provisioning.provisioningCartridge.referencedEntityList</com:elementType>
    <modelID>com.mslv.studio.provisioning.process</modelID>
    <modelID>oracle.communications.sce.osm.orchestration.orchestrationProcess</modelID>
    <elementLocationName>model</elementLocationName>
  </referencedEntityList>
  <referencedEntityList includeAll="true" relationship="com.mslv.studio.provisioning.provisioningCartridge.referencedEntityList.entity">
    <com:id>--+njB0A--+HVUlQqSB93g</com:id>
    <com:elementType>com.mslv.studio.provisioning.provisioningCartridge.referencedEntityList</com:elementType>
    <modelID>oracle.communications.sce.osm.orchestration.productSpec</modelID>
    <elementLocationName>model</elementLocationName>
  </referencedEntityList>
  <referencedEntityList includeAll="true" relationship="com.mslv.studio.provisioning.provisioningCartridge.referencedEntityList.entity">
    <com:id>--+GsMAe--+Q---r---jOg</com:id>
    <com:elementType>com.mslv.studio.provisioning.provisioningCartridge.referencedEntityList</com:elementType>
    <modelID>com.mslv.studio.provisioning.task.manualTask</modelID>
    <modelID>com.mslv.studio.provisioning.task.automatedTask</modelID>
    <elementLocationName>model</elementLocationName>
  </referencedEntityList>
</com:modelEntity>