<model:orchestrationSequence xmlns:xsi="http://www.w3.org/2001/XMLSchema-instance" xmlns:model="http://xmlns.oracle.com/communications/ordermanagement/model" name="CentralOMOrchestrationSequence" namespace="http://oracle.communications.ordermanagement.unsupported.centralom">
  <model:description>CentralOMOrchestrationSequence</model:description>
  <model:orderItem>
    <model:name>CustomerOrderItemSpecification</model:name>
    <model:namespace>http://oracle.communications.ordermanagement.unsupported.centralom</model:namespace>
  </model:orderItem>
  <model:orderItemSelector>
    <model:elementSetExpression xsi:type="model:XqueryExpressionRuleType" enabled="true">
      <model:xquery><![CDATA[declare namespace im="http://xmlns.oracle.com/InputMessage";
.//im:salesOrderLine]]></model:xquery>
    </model:elementSetExpression>
  </model:orderItemSelector>
  <model:fulfillmentMode>
    <model:fulfillmentModeRefExpression xsi:type="model:XqueryExpressionRuleType" enabled="true">
      <model:xquery><![CDATA[<osm:fulfillmentMode name='Deliver' namespace='http://oracle.communications.ordermanagement.unsupported.centralom'/>]]></model:xquery>
    </model:fulfillmentModeRefExpression>
  </model:fulfillmentMode>
  <model:stage name="DetermineProcessingGranularity">
    <model:dependsOnStage>DetermineTargetSystem</model:dependsOnStage>
    <model:produces>
      <model:name>ProcessingGranularity</model:name>
      <model:namespace>http://oracle.communications.ordermanagement.unsupported.centralom</model:namespace>
    </model:produces>
  </model:stage>
  <model:stage name="DetermineFulfillmentFunction">
    <model:produces>
      <model:name>Function</model:name>
      <model:namespace>http://oracle.communications.ordermanagement.unsupported.centralom</model:namespace>
    </model:produces>
  </model:stage>
  <model:stage name="DetermineTargetSystem">
    <model:dependsOnStage>DetermineFulfillmentFunction</model:dependsOnStage>
    <model:produces>
      <model:name>TargetSystem</model:name>
      <model:namespace>http://oracle.communications.ordermanagement.unsupported.centralom</model:namespace>
    </model:produces>
  </model:stage>
  <model:summaryView>
    <model:view>
      <model:name>OsmCentralOMExampleQueryTask</model:name>
      <model:namespace>urn:oracle:communications:ordermanagement:OsmCentralOMExample-Orchestration:1.0.0.0.0</model:namespace>
    </model:view>
    <model:workgroup>
      <model:name>DefaultRole</model:name>
      <model:namespace>urn:oracle:communications:ordermanagement:OsmCentralOMExample-Orchestration:1.0.0.0.0</model:namespace>
    </model:workgroup>
  </model:summaryView>
  <model:summaryView>
    <model:view>
      <model:name>ProvisioningUpdateTask</model:name>
      <model:namespace>urn:oracle:communications:ordermanagement:OsmCentralOMExample-Orchestration:1.0.0.0.0</model:namespace>
    </model:view>
    <model:workgroup>
      <model:name>ProvisioningUpdateRole</model:name>
      <model:namespace>urn:oracle:communications:ordermanagement:OsmCentralOMExample-Orchestration:1.0.0.0.0</model:namespace>
    </model:workgroup>
  </model:summaryView>
  <model:summaryView>
    <model:view>
      <model:name>OrderSummaryTask</model:name>
      <model:namespace>urn:oracle:communications:ordermanagement:OsmCentralOMExample-Orchestration:1.0.0.0.0</model:namespace>
    </model:view>
    <model:workgroup>
      <model:name>SummaryRole</model:name>
      <model:namespace>urn:oracle:communications:ordermanagement:OsmCentralOMExample-Orchestration:1.0.0.0.0</model:namespace>
    </model:workgroup>
  </model:summaryView>
  <model:detailView>
    <model:view>
      <model:name>OsmCentralOMExampleQueryTask</model:name>
      <model:namespace>urn:oracle:communications:ordermanagement:OsmCentralOMExample-Orchestration:1.0.0.0.0</model:namespace>
    </model:view>
    <model:workgroup>
      <model:name>DefaultRole</model:name>
      <model:namespace>urn:oracle:communications:ordermanagement:OsmCentralOMExample-Orchestration:1.0.0.0.0</model:namespace>
    </model:workgroup>
  </model:detailView>
  <model:detailView>
    <model:view>
      <model:name>ProvisioningFunctionTask</model:name>
      <model:namespace>urn:oracle:communications:ordermanagement:OsmCentralOMExample-Orchestration:1.0.0.0.0</model:namespace>
    </model:view>
    <model:workgroup>
      <model:name>ProvisionRole</model:name>
      <model:namespace>urn:oracle:communications:ordermanagement:OsmCentralOMExample-Orchestration:1.0.0.0.0</model:namespace>
    </model:workgroup>
  </model:detailView>
  <model:detailView>
    <model:view>
      <model:name>ProvisioningUpdateTask</model:name>
      <model:namespace>urn:oracle:communications:ordermanagement:OsmCentralOMExample-Orchestration:1.0.0.0.0</model:namespace>
    </model:view>
    <model:workgroup>
      <model:name>ProvisioningUpdateRole</model:name>
      <model:namespace>urn:oracle:communications:ordermanagement:OsmCentralOMExample-Orchestration:1.0.0.0.0</model:namespace>
    </model:workgroup>
  </model:detailView>
  <model:detailView>
    <model:view>
      <model:name>BillingFunctionTask</model:name>
      <model:namespace>urn:oracle:communications:ordermanagement:OsmCentralOMExample-Orchestration:1.0.0.0.0</model:namespace>
    </model:view>
    <model:workgroup>
      <model:name>SummaryRole</model:name>
      <model:namespace>urn:oracle:communications:ordermanagement:OsmCentralOMExample-Orchestration:1.0.0.0.0</model:namespace>
    </model:workgroup>
  </model:detailView>
  <model:detailView>
    <model:view>
      <model:name>BillingFunctionTask</model:name>
      <model:namespace>urn:oracle:communications:ordermanagement:OsmCentralOMExample-Orchestration:1.0.0.0.0</model:namespace>
    </model:view>
    <model:workgroup>
      <model:name>BillingUpdateRole</model:name>
      <model:namespace>urn:oracle:communications:ordermanagement:OsmCentralOMExample-Orchestration:1.0.0.0.0</model:namespace>
    </model:workgroup>
  </model:detailView>
</model:orchestrationSequence>