<view name="CollectionsSummaryTask" xsi:schemaLocation="http://www.metasolv.com/OMS/OrderModel/2002/06/25" xmlns:xsi="http://www.w3.org/2001/XMLSchema-instance" xmlns="http://www.metasolv.com/OMS/OrderModel/2002/06/25">
   <description>CollectionsSummaryTask</description>
   <stylesheet/>
   <printStylesheet/>
	<viewNode element="ControlData">
	<editable>true</editable>  <minOccurs>0</minOccurs>
    <maxOccurs>1</maxOccurs>
	
	<viewNode element="Functions">
	<editable>true</editable>  <minOccurs>0</minOccurs>
    <maxOccurs>1</maxOccurs>
	
	<viewNode element="CollectionsFunction">
	<editable>true</editable>  <minOccurs>0</minOccurs>
    <maxOccurs>999999999</maxOccurs>
	
	<viewNode element="componentKey">
	<editable>true</editable>  <minOccurs>1</minOccurs>
    <maxOccurs>1</maxOccurs>
	
</viewNode>


</viewNode>


</viewNode>


</viewNode>


</view>