
<!--This file has been auto-generated by Design Studio.  The contents represent all of the Product Classes in the 
workspace that have been mapped to Product Specifications.  Each entry identifies the Product Class, the Product Specification 
that it has been mapped to and the project that contains the Product Class. 

This file provides a sample mapping that can be used in a Data Instance Provider in order to populate the Product Specification Mapping Property.-->
<productClassMap>		   
 	<productClass name="High Speed Internet Service Product Class" cartridge="OsmCentralOMExample-ProductClasses">
		<productSpec>Service.Broadband</productSpec>
	</productClass>
 	<productClass name="Broadband Service Feature Product Class" cartridge="OsmCentralOMExample-ProductClasses">
		<productSpec>Service.Broadband</productSpec>
	</productClass>
 	<productClass name="Fixed Service Feature Class" cartridge="OsmCentralOMExample-ProductClasses">
		<productSpec>Service.Fixed</productSpec>
	</productClass>
 	<productClass name="High Speed Internet Service Class" cartridge="OsmCentralOMExample-ProductClasses">
		<productSpec>Service.Broadband</productSpec>
	</productClass>
 	<productClass name="Prepaid Mobile Service Plan Class" cartridge="OsmCentralOMExample-ProductClasses">
		<productSpec>Service.Mobile</productSpec>
	</productClass>
 	<productClass name="Mobile Voice Service Feature Class" cartridge="OsmCentralOMExample-ProductClasses">
		<productSpec>Service.Mobile</productSpec>
	</productClass>
 	<productClass name="Fixed Service Plan Class" cartridge="OsmCentralOMExample-ProductClasses">
		<productSpec>Service.Fixed</productSpec>
	</productClass>
 	<productClass name="Fixed Voice Service Feature Product Class" cartridge="OsmCentralOMExample-ProductClasses">
		<productSpec>Service.Fixed</productSpec>
	</productClass>
 	<productClass name="Mobile Service Feature Class" cartridge="OsmCentralOMExample-ProductClasses">
		<productSpec>Service.Mobile</productSpec>
	</productClass>
 	<productClass name="Prepaid Mobile Service Plan Product Class" cartridge="OsmCentralOMExample-ProductClasses">
		<productSpec>Service.Mobile</productSpec>
	</productClass>
 	<productClass name="Broadband Service Feature Class" cartridge="OsmCentralOMExample-ProductClasses">
		<productSpec>Service.Broadband</productSpec>
	</productClass>
</productClassMap>