<model:orderItemSpec xmlns:xsi="http://www.w3.org/2001/XMLSchema-instance" xmlns:_25="http://www.metasolv.com/OMS/OrderModel/2002/06/25" xmlns:model="http://xmlns.oracle.com/communications/ordermanagement/model" name="CustomerOrderItemSpecification" namespace="http://oracle.communications.ordermanagement.unsupported.centralom">
  <model:description>CustomerOrderItemSpecification</model:description>
  <model:productSpecMappingProperty>productSpec</model:productSpecMappingProperty>
  <model:requestedDeliveryDateMappingProperty>requestedDeliveryDate</model:requestedDeliveryDateMappingProperty>
  <model:itemNameProperty>lineItemName</model:itemNameProperty>
  <model:property name="productClass">
    <model:nodesetExpression xsi:type="model:XqueryExpressionRuleType" enabled="true">
      <model:xquery><![CDATA[declare namespace im="http://xmlns.oracle.com/InputMessage";
      fn:normalize-space(im:itemReference/im:primaryClassificationCode/text())]]></model:xquery>
    </model:nodesetExpression>
  </model:property>
  <model:property name="productSpec">
    <model:nodesetExpression xsi:type="model:XqueryExpressionRuleType" enabled="true">
      <_25:instance xsi:type="_25:externalInstanceType" name="ProductClassMap"><_25:adapter>com.mslv.oms.view.rule.adapter.XMLFileAdapter</_25:adapter><_25:parameter name="oms:url">'http://oracle.communications.ordermanagement.unsupported.productclass/productClassMapping/productClassMapping.xml'</_25:parameter><_25:cache>
          <_25:scope>SYSTEM</_25:scope>
          <_25:timeout>15000</_25:timeout>
          <_25:maxSize>50</_25:maxSize>
        </_25:cache></_25:instance>
      <model:xquery><![CDATA[declare namespace im="http://xmlns.oracle.com/InputMessage";
     let $productClassMap := vf:instance('ProductClassMap')
     let $productClassName  :=    fn:normalize-space(im:itemReference/im:primaryClassificationCode/text())
	return
	if ($productClassName != '')
	then
		fn:normalize-space($productClassMap/productClass[fn:lower-case(@name)=fn:lower-case($productClassName)]/productSpec/text())
	else
		'Non.Service.Offer']]></model:xquery>
    </model:nodesetExpression>
  </model:property>
  <model:property name="lineId">
    <model:nodesetExpression xsi:type="model:XqueryExpressionRuleType" enabled="true">
      <model:xquery><![CDATA[declare namespace im="http://xmlns.oracle.com/InputMessage";
      fn:normalize-space(im:lineId/text())]]></model:xquery>
    </model:nodesetExpression>
  </model:property>
  <model:property name="lineItemName">
    <model:nodesetExpression xsi:type="model:XqueryExpressionRuleType" enabled="true">
      <model:xquery><![CDATA[declare namespace im="http://xmlns.oracle.com/InputMessage";
      fn:normalize-space(fn:concat(im:itemReference/im:name/text(),' [',im:serviceActionCode/text(),']'))]]></model:xquery>
    </model:nodesetExpression>
  </model:property>
  <model:property name="requestedDeliveryDate">
    <model:nodesetExpression xsi:type="model:XqueryExpressionRuleType" enabled="true">
      <model:xquery><![CDATA[declare namespace im="http://xmlns.oracle.com/InputMessage";
      fn:normalize-space(im:requestedDeliveryDate/text())]]></model:xquery>
    </model:nodesetExpression>
  </model:property>
  <model:property name="parentLineId">
    <model:nodesetExpression xsi:type="model:XqueryExpressionRuleType" enabled="true">
      <model:xquery><![CDATA[declare namespace im="http://xmlns.oracle.com/InputMessage";
      fn:normalize-space(im:parentLineReference[im:hierarchyName='default']/im:parentLineId/text())]]></model:xquery>
    </model:nodesetExpression>
  </model:property>
  <model:property name="region">
    <model:nodesetExpression xsi:type="model:XqueryExpressionRuleType" enabled="true">
      <model:xquery><![CDATA[declare namespace im="http://xmlns.oracle.com/InputMessage";
      fn:normalize-space(im:serviceAddress/im:city/text())]]></model:xquery>
    </model:nodesetExpression>
  </model:property>
  <model:property name="typeCode">
    <model:nodesetExpression xsi:type="model:XqueryExpressionRuleType" enabled="true">
      <model:xquery><![CDATA[declare namespace im="http://xmlns.oracle.com/InputMessage";
      fn:normalize-space(im:itemReference/im:typeCode/text())]]></model:xquery>
    </model:nodesetExpression>
  </model:property>
  <model:property name="serviceId">
    <model:nodesetExpression xsi:type="model:XqueryExpressionRuleType" enabled="true">
      <model:xquery><![CDATA[declare namespace im="http://xmlns.oracle.com/InputMessage";
      fn:normalize-space(im:serviceId/text())]]></model:xquery>
    </model:nodesetExpression>
  </model:property>
  <model:property name="lineItemPayload">
    <model:nodesetExpression xsi:type="model:XqueryExpressionRuleType" enabled="true">
      <model:xquery><![CDATA[.]]></model:xquery>
    </model:nodesetExpression>
  </model:property>
  <model:condition name="isRegionOne">
    <model:booleanExpression xsi:type="model:XqueryExpressionRuleType" enabled="true">
      <model:xquery><![CDATA[declare namespace im="http://oracle.communications.ordermanagement.unsupported.centralom";
declare namespace osm="http://xmlns.oracle.com/communications/ordermanagement/model";
fn:normalize-space(osm:properties/im:region/text())='Rio de Janeiro'
]]></model:xquery>
    </model:booleanExpression>
  </model:condition>
  <model:condition name="isOtherRegion">
    <model:booleanExpression xsi:type="model:XqueryExpressionRuleType" enabled="true">
      <model:xquery><![CDATA[declare namespace im="http://oracle.communications.ordermanagement.unsupported.centralom";
declare namespace osm="http://xmlns.oracle.com/communications/ordermanagement/model";
fn:not(fn:normalize-space(osm:properties/im:region/text())='Rio de Janeiro')]]></model:xquery>
    </model:booleanExpression>
  </model:condition>
  <model:hierarchy name="default" useForChildCompletionDependency="false">
    <model:key>
      <model:nodesetExpression xsi:type="model:XqueryExpressionRuleType" enabled="true">
        <model:xquery><![CDATA[declare namespace im="http://oracle.communications.ordermanagement.unsupported.centralom";
declare namespace osm="http://xmlns.oracle.com/communications/ordermanagement/model";
fn:normalize-space(osm:properties/im:lineId/text())
]]></model:xquery>
      </model:nodesetExpression>
    </model:key>
    <model:parentKey>
      <model:nodesetExpression xsi:type="model:XqueryExpressionRuleType" enabled="true">
        <model:xquery><![CDATA[declare namespace im="http://oracle.communications.ordermanagement.unsupported.centralom";
declare namespace osm="http://xmlns.oracle.com/communications/ordermanagement/model";
fn:normalize-space(osm:properties/im:parentLineId/text())
]]></model:xquery>
      </model:nodesetExpression>
    </model:parentKey>
  </model:hierarchy>
  <model:physicalHierarchy>default</model:physicalHierarchy>
  <model:summaryView>
    <model:view>
      <model:name>OsmCentralOMExampleQueryTask</model:name>
      <model:namespace>urn:oracle:communications:ordermanagement:OsmCentralOMExample-Orchestration:1.0.0.0.0</model:namespace>
    </model:view>
    <model:workgroup>
      <model:name>DefaultRole</model:name>
      <model:namespace>urn:oracle:communications:ordermanagement:OsmCentralOMExample-Orchestration:1.0.0.0.0</model:namespace>
    </model:workgroup>
  </model:summaryView>
  <model:detailView>
    <model:view>
      <model:name>OsmCentralOMExampleQueryTask</model:name>
      <model:namespace>urn:oracle:communications:ordermanagement:OsmCentralOMExample-Orchestration:1.0.0.0.0</model:namespace>
    </model:view>
    <model:workgroup>
      <model:name>DefaultRole</model:name>
      <model:namespace>urn:oracle:communications:ordermanagement:OsmCentralOMExample-Orchestration:1.0.0.0.0</model:namespace>
    </model:workgroup>
  </model:detailView>
</model:orderItemSpec>