<_25:manifest xmlns:_25="http://www.metasolv.com/OMS/OrderModel/2002/06/25" xmlns:model="http://xmlns.oracle.com/communications/ordermanagement/model" name="OsmCentralOMExample-ProvisioningFunction">
  <model:description>OsmCentralOMExample-ProvisioningFunction</model:description>
  <_25:exportedEntity>
    <model:name>OsmCentralOMExample-ProvisioningFunction</model:name>
    <model:namespace>urn:oracle:communications:ordermanagement:OsmCentralOMExample-ProvisioningFunction:1.0.0.0.0</model:namespace>
  </_25:exportedEntity>
  <_25:exportedEntity>
    <model:name>dsl_region1</model:name>
    <model:namespace>urn:oracle:communications:ordermanagement:OsmCentralOMExample-ProvisioningFunction:1.0.0.0.0</model:namespace>
  </_25:exportedEntity>
  <_25:exportedEntity>
    <model:name>dsl_region2</model:name>
    <model:namespace>urn:oracle:communications:ordermanagement:OsmCentralOMExample-ProvisioningFunction:1.0.0.0.0</model:namespace>
  </_25:exportedEntity>
  <_25:exportedEntity>
    <model:name>mobile</model:name>
    <model:namespace>urn:oracle:communications:ordermanagement:OsmCentralOMExample-ProvisioningFunction:1.0.0.0.0</model:namespace>
  </_25:exportedEntity>
  <_25:exportedEntity>
    <model:name>fixed</model:name>
    <model:namespace>urn:oracle:communications:ordermanagement:OsmCentralOMExample-ProvisioningFunction:1.0.0.0.0</model:namespace>
  </_25:exportedEntity>
  <_25:exportedEntity>
    <model:name>ProvisioningFunction</model:name>
    <model:namespace>http://oracle.communications.ordermanagement.unsupported.centralom</model:namespace>
  </_25:exportedEntity>
  <_25:exportedEntity>
    <model:name>ProvisioningSI</model:name>
    <model:namespace>urn:oracle:communications:ordermanagement:OsmCentralOMExample-ProvisioningFunction:1.0.0.0.0</model:namespace>
  </_25:exportedEntity>
  <_25:exportedEntity>
    <model:name>routeToProvisioningTask</model:name>
    <model:namespace>urn:oracle:communications:ordermanagement:OsmCentralOMExample-ProvisioningFunction:1.0.0.0.0</model:namespace>
  </_25:exportedEntity>
  <_25:exportedEntity>
    <model:name>mobileOrderActivationTask</model:name>
    <model:namespace>urn:oracle:communications:ordermanagement:OsmCentralOMExample-ProvisioningFunction:1.0.0.0.0</model:namespace>
  </_25:exportedEntity>
  <_25:exportedEntity>
    <model:name>activationOrderResponseTask</model:name>
    <model:namespace>urn:oracle:communications:ordermanagement:OsmCentralOMExample-ProvisioningFunction:1.0.0.0.0</model:namespace>
  </_25:exportedEntity>
  <_25:exportedEntity>
    <model:name>activationOrderAdslRegion2Task</model:name>
    <model:namespace>urn:oracle:communications:ordermanagement:OsmCentralOMExample-ProvisioningFunction:1.0.0.0.0</model:namespace>
  </_25:exportedEntity>
  <_25:exportedEntity>
    <model:name>activationOrderAdslRegion1Task</model:name>
    <model:namespace>urn:oracle:communications:ordermanagement:OsmCentralOMExample-ProvisioningFunction:1.0.0.0.0</model:namespace>
  </_25:exportedEntity>
  <_25:exportedEntity>
    <model:name>activateOrderFixedTask</model:name>
    <model:namespace>urn:oracle:communications:ordermanagement:OsmCentralOMExample-ProvisioningFunction:1.0.0.0.0</model:namespace>
  </_25:exportedEntity>
  <_25:exportedEntity>
    <model:name>SICompletionTask</model:name>
    <model:namespace>urn:oracle:communications:ordermanagement:OsmCentralOMExample-ProvisioningFunction:1.0.0.0.0</model:namespace>
  </_25:exportedEntity>
  <_25:exportedEntity>
    <model:name>ProvisionSummaryTask</model:name>
    <model:namespace>urn:oracle:communications:ordermanagement:OsmCentralOMExample-ProvisioningFunction:1.0.0.0.0</model:namespace>
  </_25:exportedEntity>
  <_25:exportedEntity>
    <model:name>ProvisioningUpdateTask</model:name>
    <model:namespace>urn:oracle:communications:ordermanagement:OsmCentralOMExample-ProvisioningFunction:1.0.0.0.0</model:namespace>
  </_25:exportedEntity>
  <_25:exportedEntity>
    <model:name>ProvisioningFunctionTask</model:name>
    <model:namespace>urn:oracle:communications:ordermanagement:OsmCentralOMExample-ProvisioningFunction:1.0.0.0.0</model:namespace>
  </_25:exportedEntity>
  <_25:exportedEntity>
    <model:name>ProvisioningBaseTask</model:name>
    <model:namespace>urn:oracle:communications:ordermanagement:OsmCentralOMExample-ProvisioningFunction:1.0.0.0.0</model:namespace>
  </_25:exportedEntity>
  <_25:referencedEntity>
    <model:name>OracleComms_OSM_CommonDataDictionary</model:name>
    <model:namespace>urn:oracle:communications:ordermanagement:OsmCentralOMExample-ProvisioningFunction:1.0.0.0.0</model:namespace>
  </_25:referencedEntity>
  <_25:referencedEntity>
    <model:name>OsmCentralOMExample-Orchestration</model:name>
    <model:namespace>urn:oracle:communications:ordermanagement:OsmCentralOMExample-ProvisioningFunction:1.0.0.0.0</model:namespace>
  </_25:referencedEntity>
  <_25:referencedEntity>
    <model:name>OsmCentralOMExampleOrder</model:name>
    <model:namespace>urn:oracle:communications:ordermanagement:OsmCentralOMExample-ProvisioningFunction:1.0.0.0.0</model:namespace>
  </_25:referencedEntity>
  <_25:referencedEntity>
    <model:name>Function</model:name>
    <model:namespace>http://oracle.communications.ordermanagement.unsupported.centralom</model:namespace>
  </_25:referencedEntity>
  <_25:referencedEntity>
    <model:name>BaseHeaderInfoTask</model:name>
    <model:namespace>urn:oracle:communications:ordermanagement:OsmCentralOMExample-ProvisioningFunction:1.0.0.0.0</model:namespace>
  </_25:referencedEntity>
  <_25:referencedEntity>
    <model:name>OsmCentralOMExampleQueryTask</model:name>
    <model:namespace>urn:oracle:communications:ordermanagement:OsmCentralOMExample-ProvisioningFunction:1.0.0.0.0</model:namespace>
  </_25:referencedEntity>
  <_25:referencedEntity>
    <model:name>ProvisioningFalloutTask</model:name>
    <model:namespace>urn:oracle:communications:ordermanagement:OsmCentralOMExample-ProvisioningFunction:1.0.0.0.0</model:namespace>
  </_25:referencedEntity>
  <_25:referencedCartridge>
    <_25:namespace>OsmCentralOMExample-Orchestration</_25:namespace>
    <_25:version>1.0.0.0.0</_25:version>
  </_25:referencedCartridge>
</_25:manifest>