<process xmlns="http://www.metasolv.com/OMS/OrderModel/2002/06/25" name="MarketingSI" workstream="false">
  <description>MarketingSI</description>
  <expectedDuration>P0Y0M0DT0H0M86400S</expectedDuration>
  <startActivity>Configure_Marketing_System_Task</startActivity>
  <activity name="Configure_Marketing_System_Task">
    <task>configureMarketingTask</task>
    <description>Configure Marketing System Task</description>
    <inputType>ANY</inputType>
    <processHistorySummary>true</processHistorySummary>
  </activity>
</process>