<process xmlns="http://www.metasolv.com/OMS/OrderModel/2002/06/25" name="ProvisioningSI" workstream="false">
  <description>ProvisioningSI</description>
  <expectedDuration>P0Y0M0DT0H0M86400S</expectedDuration>
  <startActivity>routeToProvisioningTask</startActivity>
  <activity name="activatonOrderAdslRegion1Task">
    <task>activationOrderAdslRegion1Task</task>
    <description>activatonOrderAdslRegion1Task</description>
    <inputType>ANY</inputType>
    <processHistorySummary>true</processHistorySummary>
  </activity>
  <activity name="routeToProvisioningTask">
    <task>routeToProvisioningTask</task>
    <description>routeToProvisioningTask</description>
    <inputType>ANY</inputType>
    <processHistorySummary>true</processHistorySummary>
  </activity>
  <activity name="activationOrderAdslRegion2Task">
    <task>activationOrderAdslRegion2Task</task>
    <description>activationOrderAdslRegion2Task</description>
    <inputType>ANY</inputType>
    <processHistorySummary>true</processHistorySummary>
  </activity>
  <activity name="activateOrderFixedTask">
    <task>activateOrderFixedTask</task>
    <description>activateOrderFixedTask</description>
    <inputType>ANY</inputType>
    <processHistorySummary>true</processHistorySummary>
  </activity>
  <activity name="mobileOrderActivationTask">
    <task>mobileOrderActivationTask</task>
    <description>mobileOrderActivationTask</description>
    <inputType>ANY</inputType>
    <processHistorySummary>true</processHistorySummary>
  </activity>
  <activity name="ProvisioningFalloutTask">
    <task>ProvisioningFalloutTask</task>
    <description>ProvisioningFalloutTask</description>
    <inputType>ANY</inputType>
    <processHistorySummary>true</processHistorySummary>
  </activity>
  <activity name="SI_Completion_Task">
    <task>SICompletionTask</task>
    <description>SI Completion Task</description>
    <inputType>ANY</inputType>
    <processHistorySummary>true</processHistorySummary>
  </activity>
  <activity name="ProvisioningBaseTask">
    <task>ProvisioningBaseTask</task>
    <description>ProvisioningBaseTask</description>
    <inputType>ANY</inputType>
    <processHistorySummary>true</processHistorySummary>
  </activity>
  <transition>
    <from>
      <activity>activatonOrderAdslRegion1Task</activity>
      <status>success</status>
    </from>
    <to>SI_Completion_Task</to>
    <mandatoryCheck>true</mandatoryCheck>
  </transition>
  <transition>
    <from>
      <activity>routeToProvisioningTask</activity>
      <status>route_to_expediter</status>
    </from>
    <to>activatonOrderAdslRegion1Task</to>
    <mandatoryCheck>true</mandatoryCheck>
  </transition>
  <transition>
    <from>
      <activity>routeToProvisioningTask</activity>
      <status>route_to_osm</status>
    </from>
    <to>activationOrderAdslRegion2Task</to>
    <mandatoryCheck>true</mandatoryCheck>
  </transition>
  <transition>
    <from>
      <activity>routeToProvisioningTask</activity>
      <status>route_to_fixed</status>
    </from>
    <to>activateOrderFixedTask</to>
    <mandatoryCheck>true</mandatoryCheck>
  </transition>
  <transition>
    <from>
      <activity>routeToProvisioningTask</activity>
      <status>route_to_mobile</status>
    </from>
    <to>mobileOrderActivationTask</to>
    <mandatoryCheck>true</mandatoryCheck>
  </transition>
  <transition>
    <from>
      <activity>mobileOrderActivationTask</activity>
      <status>success</status>
    </from>
    <to>SI_Completion_Task</to>
    <mandatoryCheck>true</mandatoryCheck>
  </transition>
  <transition>
    <from>
      <activity>activationOrderAdslRegion2Task</activity>
      <status>success</status>
    </from>
    <to>SI_Completion_Task</to>
    <mandatoryCheck>true</mandatoryCheck>
  </transition>
  <transition>
    <from>
      <activity>activateOrderFixedTask</activity>
      <status>success</status>
    </from>
    <to>SI_Completion_Task</to>
    <mandatoryCheck>true</mandatoryCheck>
  </transition>
  <transition>
    <from>
      <activity>activateOrderFixedTask</activity>
      <status>failure</status>
    </from>
    <to>SI_Completion_Task</to>
    <mandatoryCheck>true</mandatoryCheck>
  </transition>
  <transition>
    <from>
      <activity>activationOrderAdslRegion2Task</activity>
      <status>failure</status>
    </from>
    <to>ProvisioningFalloutTask</to>
    <mandatoryCheck>true</mandatoryCheck>
  </transition>
  <transition>
    <from>
      <activity>activatonOrderAdslRegion1Task</activity>
      <status>failure</status>
    </from>
    <to>ProvisioningFalloutTask</to>
    <mandatoryCheck>true</mandatoryCheck>
  </transition>
  <transition>
    <from>
      <activity>mobileOrderActivationTask</activity>
      <status>failure</status>
    </from>
    <to>SI_Completion_Task</to>
    <mandatoryCheck>true</mandatoryCheck>
  </transition>
  <transition>
    <from>
      <activity>ProvisioningFalloutTask</activity>
      <status>next</status>
    </from>
    <to>SI_Completion_Task</to>
    <mandatoryCheck>true</mandatoryCheck>
  </transition>
  <transition>
    <from>
      <activity>ProvisioningFalloutTask</activity>
      <status>back</status>
    </from>
    <to>routeToProvisioningTask</to>
    <mandatoryCheck>true</mandatoryCheck>
  </transition>
  <transition>
    <from>
      <activity>SI_Completion_Task</activity>
      <status>success</status>
    </from>
    <to>ProvisioningBaseTask</to>
    <mandatoryCheck>true</mandatoryCheck>
  </transition>
  <transition>
    <from>
      <activity>SI_Completion_Task</activity>
      <status>failure</status>
    </from>
    <to>ProvisioningBaseTask</to>
    <mandatoryCheck>true</mandatoryCheck>
  </transition>
</process>