<model:orderRecognitionRule xmlns:xsi="http://www.w3.org/2001/XMLSchema-instance" xmlns:model="http://xmlns.oracle.com/communications/ordermanagement/model" name="CustomerOrderRecognition" namespace="http://oracle.communications.ordermanagement.unsupported.centralom">
  <model:description>CustomerOrderRecognition</model:description>
  <model:recognitionRule xsi:type="model:XqueryExpressionRuleType" enabled="true">
    <model:xquery><![CDATA[fn:namespace-uri(.) = 'http://xmlns.oracle.com/InputMessage']]></model:xquery>
  </model:recognitionRule>
  <model:relevancy>5</model:relevancy>
  <model:storageRule xsi:type="model:XqueryExpressionRuleType" enabled="true">
    <model:xquery><![CDATA[<order>{.}</order>]]></model:xquery>
  </model:storageRule>
  <model:createOrderSpecification>
    <model:cartridge>
      <model:name>
        <model:name>OsmCentralOMExample-Solution</model:name>
        <model:namespace>OsmCentralOMExample-Solution</model:namespace>
      </model:name>
    </model:cartridge>
    <model:orderType>
      <model:name>OsmCentralOMExampleOrder</model:name>
      <model:namespace>OsmCentralOMExample-Solution</model:namespace>
    </model:orderType>
    <model:orderSource>
      <model:name>OsmCentralOMExampleOrder</model:name>
      <model:namespace>OsmCentralOMExample-Solution</model:namespace>
    </model:orderSource>
    <model:creationView>
      <model:name>OsmCentralOMExampleCreationTask</model:name>
      <model:namespace>OsmCentralOMExample-Solution</model:namespace>
    </model:creationView>
  </model:createOrderSpecification>
  <model:orderHeaderRules>
    <model:reference xsi:type="model:XqueryExpressionRuleType" enabled="true">
      <model:xquery><![CDATA[declare namespace oi="http://xmlns.oracle.com/InputMessage";
let $order :=  ../oi:order
return
$order/oi:numSalesOrder/text()
]]></model:xquery>
    </model:reference>
  </model:orderHeaderRules>
  <model:orderDataRule xsi:type="model:XqueryExpressionUriRuleType" enabled="true">
    <model:xqueryUri>http://oracle.communications.ordermanagement.unsupported.centralom/base/xquery/orpOrderDataRule.xqy</model:xqueryUri>
  </model:orderDataRule>
</model:orderRecognitionRule>