<model:orderRecognitionRule xmlns:xsi="http://www.w3.org/2001/XMLSchema-instance" xmlns:model="http://xmlns.oracle.com/communications/ordermanagement/model" name="FalloutOrp" namespace="http://oracle.communications.ordermanagement.unsupported.centralom">
  <model:description>FalloutOrp</model:description>
  <model:recognitionRule xsi:type="model:XqueryExpressionRuleType" enabled="true">
    <model:xquery><![CDATA[true()]]></model:xquery>
  </model:recognitionRule>
  <model:relevancy>1</model:relevancy>
  <model:storageRule xsi:type="model:XqueryExpressionRuleType" enabled="true">
    <model:xquery><![CDATA[<FalloutMessage>{.}</FalloutMessage>]]></model:xquery>
  </model:storageRule>
  <model:createOrderSpecification>
    <model:cartridge>
      <model:name>
        <model:name>OsmCentralOMExample-Solution</model:name>
        <model:namespace>OsmCentralOMExample-Solution</model:namespace>
      </model:name>
    </model:cartridge>
    <model:orderType>
      <model:name>FalloutOrder</model:name>
      <model:namespace>OsmCentralOMExample-Solution</model:namespace>
    </model:orderType>
    <model:orderSource>
      <model:name>FalloutOrder</model:name>
      <model:namespace>OsmCentralOMExample-Solution</model:namespace>
    </model:orderSource>
    <model:creationView>
      <model:name>FalloutCreationTask</model:name>
      <model:namespace>OsmCentralOMExample-Solution</model:namespace>
    </model:creationView>
  </model:createOrderSpecification>
  <model:orderHeaderRules>
    <model:priority xsi:type="model:XqueryExpressionRuleType" enabled="true">
      <model:xquery><![CDATA['5']]></model:xquery>
    </model:priority>
  </model:orderHeaderRules>
  <model:orderDataRule xsi:type="model:XqueryExpressionRuleType" enabled="true">
    <model:xquery><![CDATA[<_root></_root>]]></model:xquery>
  </model:orderDataRule>
</model:orderRecognitionRule>