
<view name="SICompletionTask" xsi:schemaLocation="http://www.metasolv.com/OMS/OrderModel/2002/06/25" xmlns:xsi="http://www.w3.org/2001/XMLSchema-instance" xmlns="http://www.metasolv.com/OMS/OrderModel/2002/06/25">
   <description>SICompletionTask</description>
   <stylesheet/>
   <printStylesheet/>
	<viewNode element="OrderHeader">
	<editable>true</editable>  <minOccurs>0</minOccurs>
    <maxOccurs>1</maxOccurs>
	
	<viewNode element="numSalesOrder">
	<editable>true</editable>  <minOccurs>0</minOccurs>
    <maxOccurs>1</maxOccurs>
	
</viewNode>

<viewNode element="typeOrder">
	<editable>true</editable>  <minOccurs>0</minOccurs>
    <maxOccurs>1</maxOccurs>
	
</viewNode>


</viewNode>


</view>
