<_25:manifest xmlns:_25="http://www.metasolv.com/OMS/OrderModel/2002/06/25" xmlns:model="http://xmlns.oracle.com/communications/ordermanagement/model" name="OsmCentralOMExample-ProductClasses">
  <model:description>OsmCentralOMExample-ProductClasses</model:description>
  <_25:exportedEntity>
    <model:name>OsmCentralOMExample-ProductClasses</model:name>
    <model:namespace>urn:oracle:communications:ordermanagement:OsmCentralOMExample-ProductClasses:1.0.0.0.0</model:namespace>
  </_25:exportedEntity>
  <_25:referencedEntity>
    <model:name>Service.Broadband</model:name>
    <model:namespace>http://oracle.communications.ordermanagement.unsupported.centralom</model:namespace>
  </_25:referencedEntity>
  <_25:referencedEntity>
    <model:name>Service.Fixed</model:name>
    <model:namespace>http://oracle.communications.ordermanagement.unsupported.centralom</model:namespace>
  </_25:referencedEntity>
  <_25:referencedEntity>
    <model:name>Service.Mobile</model:name>
    <model:namespace>http://oracle.communications.ordermanagement.unsupported.centralom</model:namespace>
  </_25:referencedEntity>
  <_25:referencedCartridge>
    <_25:namespace>OsmCentralOMExample-ProductSpec</_25:namespace>
    <_25:version>1.0.0.0.0</_25:version>
  </_25:referencedCartridge>
</_25:manifest>