<?xml version="1.0" encoding="UTF-8"?>
<com:modelEntity xmlns:xsi="http://www.w3.org/2001/XMLSchema-instance" xmlns="http://xmlns.oracle.com/communications/sce/osm/model/cartridge/composite" xmlns:ccart="http://xmlns.oracle.com/communications/sce/osm/model/cartridge/composite" xmlns:cart="http://xmlns.oracle.com/communications/sce/osm/model/cartridge" xmlns:com="http://www.mslv.com/studio/core/model/common" xmlns:prov="http://xmlns.oracle.com/communications/sce/osm/model/provisioning" xsi:type="CompositeCartridgeType" name="OsmCentralOMExample-Solution">
  <com:displayName>OsmCentralOMExample-Solution</com:displayName>
  <com:saveVersion>9</com:saveVersion>
  <com:id>--+M---P--+M---B--+fcA</com:id>
  <com:provider>OSM Composite Cartridge Provider</com:provider>
  <com:version>
    <com:major>1</com:major>
    <com:minor>0</com:minor>
    <com:maintenance>0</com:maintenance>
    <com:servicePack>0</com:servicePack>
    <com:eFix>0</com:eFix>
  </com:version>
  <com:targetApplicationVersion>
    <com:major>7</com:major>
    <com:minor>2</com:minor>
    <com:maintenance>0</com:maintenance>
  </com:targetApplicationVersion>
  <com:sealed>false</com:sealed>
  <com:deploymentList displayName="Orders" includeAll="true" relationship="com.mslv.studio.provisioning.cartridge.packageActions">
    <com:modelID>com.mslv.studio.provisioning.order</com:modelID>
    <com:elementLocationName>model</com:elementLocationName>
  </com:deploymentList>
  <com:deploymentList displayName="Java Libraries" includeAll="true" relationship="com.mslv.studio.provisioning.cartridge.packageLibrary">
    <com:extension>jar</com:extension>
    <com:elementLocationName>lib</com:elementLocationName>
  </com:deploymentList>
  <com:deploymentList displayName="Resources" includeAll="true" relationship="com.mslv.studio.provisioning.cartridge.packageResources">
    <com:extension>*</com:extension>
    <com:elementLocationName>resources</com:elementLocationName>
  </com:deploymentList>
  <com:propertyCategory name="Cartridge Management">
    <com:property name="PURGE_CARTRIDGE_BEFORE_DEPLOY">
      <com:defaultValue>true</com:defaultValue>
    </com:property>
    <com:property name="ENTITY_CONFLICT_ACTION_ON_DEPLOY">
      <com:defaultValue>replace</com:defaultValue>
    </com:property>
    <com:property name="PURGE_ORDER_ON_UNDEPLOY">
      <com:defaultValue>true</com:defaultValue>
    </com:property>
    <com:property name="UNDEPLOY_SHARED_CARTRIDGE">
      <com:defaultValue>false</com:defaultValue>
    </com:property>
  </com:propertyCategory>
  <com:propertyCategory name="Model">
    <com:property name="DEFAULT_AUTOMATION_USER">
      <com:defaultValue>oms-automation</com:defaultValue>
    </com:property>
    <com:property name="DEFAULT_REQUEST_QUEUE">
      <com:defaultValue>osm_event</com:defaultValue>
    </com:property>
    <com:property name="DEFAULT_RESPONSE_QUEUE">
      <com:defaultValue>osm_event</com:defaultValue>
    </com:property>
    <com:property name="DEFAULT_MESSAGE_PROPERTY_SELECTOR">
      <com:defaultValue>MESSAGE_NAME = ''</com:defaultValue>
    </com:property>
    <com:property name="ACTIVATION_ENVIRONMENT_ID">
      <com:defaultValue>ENV1</com:defaultValue>
    </com:property>
  </com:propertyCategory>
  <com:dependencies>
    <com:minVersion inclusive="true"></com:minVersion>
    <com:maxVersion inclusive="false"></com:maxVersion>
    <com:projectRef>
      <com:entity>OracleComms_OSM_CommonDataDictionary</com:entity>
      <com:entityType>ddCartridge</com:entityType>
      <com:relationship>unknown</com:relationship>
    </com:projectRef>
  </com:dependencies>
  <com:dependencies>
    <com:minVersion inclusive="true"></com:minVersion>
    <com:maxVersion inclusive="false"></com:maxVersion>
    <com:projectRef>
      <com:entity>OsmCentralOMExample-Orchestration</com:entity>
      <com:entityType>osmCartridge</com:entityType>
      <com:relationship>unknown</com:relationship>
    </com:projectRef>
  </com:dependencies>
  <com:dependencies>
    <com:minVersion inclusive="true"></com:minVersion>
    <com:maxVersion inclusive="false"></com:maxVersion>
    <com:projectRef>
      <com:entity>OsmCentralOMExample-ProductClasses</com:entity>
      <com:entityType>osmCartridge</com:entityType>
      <com:relationship>unknown</com:relationship>
    </com:projectRef>
  </com:dependencies>
  <com:dependencies>
    <com:minVersion inclusive="true"></com:minVersion>
    <com:maxVersion inclusive="false"></com:maxVersion>
    <com:projectRef>
      <com:entity>OsmCentralOMExample-ProductSpec</com:entity>
      <com:entityType>osmCartridge</com:entityType>
      <com:relationship>unknown</com:relationship>
    </com:projectRef>
  </com:dependencies>
  <com:dependencies>
    <com:minVersion inclusive="true"></com:minVersion>
    <com:maxVersion inclusive="false"></com:maxVersion>
    <com:projectRef>
      <com:entity>OsmCentralOMExample-SyncCustomerFunction</com:entity>
      <com:entityType>osmCartridge</com:entityType>
      <com:relationship>unknown</com:relationship>
    </com:projectRef>
  </com:dependencies>
  <com:dependencies>
    <com:minVersion inclusive="true"></com:minVersion>
    <com:maxVersion inclusive="false"></com:maxVersion>
    <com:projectRef>
      <com:entity>OsmCentralOMExample-Topology</com:entity>
      <com:entityType>osmCartridge</com:entityType>
      <com:relationship>unknown</com:relationship>
    </com:projectRef>
  </com:dependencies>
  <com:dependencies>
    <com:minVersion inclusive="true"></com:minVersion>
    <com:maxVersion inclusive="false"></com:maxVersion>
    <com:projectRef>
      <com:entity>OsmCentralOMExample-CollectionsFunction</com:entity>
      <com:entityType>osmCartridge</com:entityType>
      <com:relationship>unknown</com:relationship>
    </com:projectRef>
  </com:dependencies>
  <com:dependencies>
    <com:minVersion inclusive="true"></com:minVersion>
    <com:maxVersion inclusive="false"></com:maxVersion>
    <com:projectRef>
      <com:entity>OsmCentralOMExample-BillingFunction</com:entity>
      <com:entityType>osmCartridge</com:entityType>
      <com:relationship>unknown</com:relationship>
    </com:projectRef>
  </com:dependencies>
  <com:dependencies>
    <com:minVersion inclusive="true"></com:minVersion>
    <com:maxVersion inclusive="false"></com:maxVersion>
    <com:projectRef>
      <com:entity>OsmCentralOMExample-MarketingFunction</com:entity>
      <com:entityType>osmCartridge</com:entityType>
      <com:relationship>unknown</com:relationship>
    </com:projectRef>
  </com:dependencies>
  <com:dependencies>
    <com:minVersion inclusive="true"></com:minVersion>
    <com:maxVersion inclusive="false"></com:maxVersion>
    <com:projectRef>
      <com:entity>OsmCentralOMExample-ProvisioningFunction</com:entity>
      <com:entityType>osmCartridge</com:entityType>
      <com:relationship>unknown</com:relationship>
    </com:projectRef>
  </com:dependencies>
  <com:dependencies>
    <com:minVersion inclusive="true"></com:minVersion>
    <com:maxVersion inclusive="false"></com:maxVersion>
    <com:projectRef>
      <com:entity>OsmCentralOMExample-FulfillmentState</com:entity>
      <com:entityType>osmCartridge</com:entityType>
      <com:relationship>unknown</com:relationship>
    </com:projectRef>
  </com:dependencies>
  <activationEnvID></activationEnvID>
  <activationResponseQueue></activationResponseQueue>
  <cacheMaxSize>50</cacheMaxSize>
  <cacheTimeout>60</cacheTimeout>
  <requiredEntityList includeAll="true" relationship="oracle.communications.studio.osm.cartridge.composite.entities.cartridge.requiredEntityList.entity">
    <com:id>eBQZ92I2--++pqx-YBpIkg</com:id>
    <com:elementType>oracle.communications.studio.osm.cartridge.composite.entities.cartridge.requiredEntityList</com:elementType>
    <cart:modelID>com.mslv.studio.provisioning.order</cart:modelID>
    <cart:elementLocationName>model</cart:elementLocationName>
  </requiredEntityList>
  <requiredEntityList includeAll="true" relationship="oracle.communications.studio.osm.cartridge.composite.entities.cartridge.requiredEntityList.entity">
    <com:id>--+b1fwm--+d--+7---6tg</com:id>
    <com:elementType>oracle.communications.studio.osm.cartridge.composite.entities.cartridge.requiredEntityList</com:elementType>
    <cart:modelID>oracle.communications.sce.osm.orchestration.productSpec</cart:modelID>
    <cart:elementLocationName>model</cart:elementLocationName>
  </requiredEntityList>
  <requiredEntityList includeAll="true" relationship="oracle.communications.studio.osm.cartridge.composite.entities.cartridge.requiredEntityList.entity">
    <com:id>--+9--+h--+6--+c---alw</com:id>
    <com:elementType>oracle.communications.studio.osm.cartridge.composite.entities.cartridge.requiredEntityList</com:elementType>
    <cart:modelID>oracle.communications.sce.osm.orchestration.orderRecognitionRule</cart:modelID>
    <cart:elementLocationName>model</cart:elementLocationName>
  </requiredEntityList>
  <taskDataContributors>
    <com:id>---rfuA0--+q---q---mbA</com:id>
    <com:elementType>oracle.communications.studio.osm.cartridge.composite.entities.cartridge.taskContributor</com:elementType>
    <order>
      <com:entity>OsmCentralOMExampleOrder</com:entity>
      <com:entityType>order</com:entityType>
      <com:relationship>oracle.communications.studio.osm.cartridge.composite.entities.cartridge.taskContributor.order</com:relationship>
    </order>
    <process>
      <com:entity>OMExampleOrchestrationProcess</com:entity>
      <com:entityType>orchestrationProcess</com:entityType>
      <com:relationship>oracle.communications.studio.osm.cartridge.composite.entities.cartridge.taskContributor.process</com:relationship>
    </process>
    <task>
      <com:entity>OsmCentralOMExampleCreationTask</com:entity>
      <com:entityType>manualTask</com:entityType>
      <com:relationship>oracle.communications.studio.osm.cartridge.composite.entities.cartridge.taskContributor.task</com:relationship>
    </task>
    <view>
      <com:entity>MarketingCreationView</com:entity>
      <com:entityType>compositeCartridgeView</com:entityType>
      <com:relationship>oracle.communications.studio.osm.cartridge.composite.entities.cartridge.taskContributor.view</com:relationship>
    </view>
  </taskDataContributors>
  <taskDataContributors>
    <com:id>naQs--+t--+v--+U--+gnQ</com:id>
    <com:elementType>oracle.communications.studio.osm.cartridge.composite.entities.cartridge.taskContributor</com:elementType>
    <order>
      <com:entity>OsmCentralOMExampleOrder</com:entity>
      <com:entityType>order</com:entityType>
      <com:relationship>oracle.communications.studio.osm.cartridge.composite.entities.cartridge.taskContributor.order</com:relationship>
    </order>
    <process>
      <com:entity>OMExampleOrchestrationProcess</com:entity>
      <com:entityType>orchestrationProcess</com:entityType>
      <com:relationship>oracle.communications.studio.osm.cartridge.composite.entities.cartridge.taskContributor.process</com:relationship>
    </process>
    <task>
      <com:entity>OsmCentralOMExampleCreationTask</com:entity>
      <com:entityType>manualTask</com:entityType>
      <com:relationship>oracle.communications.studio.osm.cartridge.composite.entities.cartridge.taskContributor.task</com:relationship>
    </task>
    <view>
      <com:entity>CollectionsCreationView</com:entity>
      <com:entityType>compositeCartridgeView</com:entityType>
      <com:relationship>oracle.communications.studio.osm.cartridge.composite.entities.cartridge.taskContributor.view</com:relationship>
    </view>
  </taskDataContributors>
  <taskDataContributors>
    <com:id>qGh7belD--+vNbpdZqEg-g</com:id>
    <com:elementType>oracle.communications.studio.osm.cartridge.composite.entities.cartridge.taskContributor</com:elementType>
    <order>
      <com:entity>OsmCentralOMExampleOrder</com:entity>
      <com:entityType>order</com:entityType>
      <com:relationship>oracle.communications.studio.osm.cartridge.composite.entities.cartridge.taskContributor.order</com:relationship>
    </order>
    <process>
      <com:entity>OMExampleOrchestrationProcess</com:entity>
      <com:entityType>orchestrationProcess</com:entityType>
      <com:relationship>oracle.communications.studio.osm.cartridge.composite.entities.cartridge.taskContributor.process</com:relationship>
    </process>
    <task>
      <com:entity>OsmCentralOMExampleCreationTask</com:entity>
      <com:entityType>manualTask</com:entityType>
      <com:relationship>oracle.communications.studio.osm.cartridge.composite.entities.cartridge.taskContributor.task</com:relationship>
    </task>
    <view>
      <com:entity>ProvisioningCreationView</com:entity>
      <com:entityType>compositeCartridgeView</com:entityType>
      <com:relationship>oracle.communications.studio.osm.cartridge.composite.entities.cartridge.taskContributor.view</com:relationship>
    </view>
  </taskDataContributors>
  <taskDataContributors>
    <com:id>---8--+X--+aC2Jj---Pxw</com:id>
    <com:elementType>oracle.communications.studio.osm.cartridge.composite.entities.cartridge.taskContributor</com:elementType>
    <order>
      <com:entity>OsmCentralOMExampleOrder</com:entity>
      <com:entityType>order</com:entityType>
      <com:relationship>oracle.communications.studio.osm.cartridge.composite.entities.cartridge.taskContributor.order</com:relationship>
    </order>
    <process>
      <com:entity>OMExampleOrchestrationProcess</com:entity>
      <com:entityType>orchestrationProcess</com:entityType>
      <com:relationship>oracle.communications.studio.osm.cartridge.composite.entities.cartridge.taskContributor.process</com:relationship>
    </process>
    <task>
      <com:entity>OsmCentralOMExampleCreationTask</com:entity>
      <com:entityType>manualTask</com:entityType>
      <com:relationship>oracle.communications.studio.osm.cartridge.composite.entities.cartridge.taskContributor.task</com:relationship>
    </task>
    <view>
      <com:entity>BillingCreationView</com:entity>
      <com:entityType>compositeCartridgeView</com:entityType>
      <com:relationship>oracle.communications.studio.osm.cartridge.composite.entities.cartridge.taskContributor.view</com:relationship>
    </view>
  </taskDataContributors>
  <taskDataContributors>
    <com:id>iVVTTH0q--+Z---t--+TfA</com:id>
    <com:elementType>oracle.communications.studio.osm.cartridge.composite.entities.cartridge.taskContributor</com:elementType>
    <order>
      <com:entity>OsmCentralOMExampleOrder</com:entity>
      <com:entityType>order</com:entityType>
      <com:relationship>oracle.communications.studio.osm.cartridge.composite.entities.cartridge.taskContributor.order</com:relationship>
    </order>
    <process>
      <com:entity>OMExampleOrchestrationProcess</com:entity>
      <com:entityType>orchestrationProcess</com:entityType>
      <com:relationship>oracle.communications.studio.osm.cartridge.composite.entities.cartridge.taskContributor.process</com:relationship>
    </process>
    <task>
      <com:entity>OsmCentralOMExampleCreationTask</com:entity>
      <com:entityType>manualTask</com:entityType>
      <com:relationship>oracle.communications.studio.osm.cartridge.composite.entities.cartridge.taskContributor.task</com:relationship>
    </task>
    <view>
      <com:entity>SyncCustomerCreationView</com:entity>
      <com:entityType>compositeCartridgeView</com:entityType>
      <com:relationship>oracle.communications.studio.osm.cartridge.composite.entities.cartridge.taskContributor.view</com:relationship>
    </view>
  </taskDataContributors>
  <queryTaskDataContributors>
    <com:id>---WEb11--+Y---q0mgkLw</com:id>
    <com:elementType>oracle.communications.studio.osm.cartridge.composite.entities.cartridge.queryTaskContributor</com:elementType>
    <order>
      <com:entity>OsmCentralOMExampleOrder</com:entity>
      <com:entityType>order</com:entityType>
      <com:relationship>oracle.communications.studio.osm.cartridge.composite.entities.cartridge.queryTaskContributor.order</com:relationship>
    </order>
    <role>
      <com:entity>DefaultRole</com:entity>
      <com:entityType>rolePermissions</com:entityType>
      <com:relationship>oracle.communications.studio.osm.cartridge.composite.entities.cartridge.queryTaskContributor.role</com:relationship>
    </role>
    <task>
      <com:entity>OsmCentralOMExampleQueryTask</com:entity>
      <com:entityType>manualTask</com:entityType>
      <com:relationship>oracle.communications.studio.osm.cartridge.composite.entities.cartridge.queryTaskContributor.task</com:relationship>
    </task>
    <view>
      <com:entity>BillingCreationView</com:entity>
      <com:entityType>compositeCartridgeView</com:entityType>
      <com:relationship>oracle.communications.studio.osm.cartridge.composite.entities.cartridge.queryTaskContributor.view</com:relationship>
    </view>
  </queryTaskDataContributors>
  <queryTaskDataContributors>
    <com:id>dPJDTa54--+2---RFiAmwg</com:id>
    <com:elementType>oracle.communications.studio.osm.cartridge.composite.entities.cartridge.queryTaskContributor</com:elementType>
    <order>
      <com:entity>OsmCentralOMExampleOrder</com:entity>
      <com:entityType>order</com:entityType>
      <com:relationship>oracle.communications.studio.osm.cartridge.composite.entities.cartridge.queryTaskContributor.order</com:relationship>
    </order>
    <role>
      <com:entity>DefaultRole</com:entity>
      <com:entityType>rolePermissions</com:entityType>
      <com:relationship>oracle.communications.studio.osm.cartridge.composite.entities.cartridge.queryTaskContributor.role</com:relationship>
    </role>
    <task>
      <com:entity>OsmCentralOMExampleQueryTask</com:entity>
      <com:entityType>manualTask</com:entityType>
      <com:relationship>oracle.communications.studio.osm.cartridge.composite.entities.cartridge.queryTaskContributor.task</com:relationship>
    </task>
    <view>
      <com:entity>MarketingCreationView</com:entity>
      <com:entityType>compositeCartridgeView</com:entityType>
      <com:relationship>oracle.communications.studio.osm.cartridge.composite.entities.cartridge.queryTaskContributor.view</com:relationship>
    </view>
  </queryTaskDataContributors>
  <queryTaskDataContributors>
    <com:id>C7AY---K--+sM9QH---9NA</com:id>
    <com:elementType>oracle.communications.studio.osm.cartridge.composite.entities.cartridge.queryTaskContributor</com:elementType>
    <order>
      <com:entity>OsmCentralOMExampleOrder</com:entity>
      <com:entityType>order</com:entityType>
      <com:relationship>oracle.communications.studio.osm.cartridge.composite.entities.cartridge.queryTaskContributor.order</com:relationship>
    </order>
    <role>
      <com:entity>DefaultRole</com:entity>
      <com:entityType>rolePermissions</com:entityType>
      <com:relationship>oracle.communications.studio.osm.cartridge.composite.entities.cartridge.queryTaskContributor.role</com:relationship>
    </role>
    <task>
      <com:entity>OsmCentralOMExampleQueryTask</com:entity>
      <com:entityType>manualTask</com:entityType>
      <com:relationship>oracle.communications.studio.osm.cartridge.composite.entities.cartridge.queryTaskContributor.task</com:relationship>
    </task>
    <view>
      <com:entity>SyncCustomerCreationView</com:entity>
      <com:entityType>compositeCartridgeView</com:entityType>
      <com:relationship>oracle.communications.studio.osm.cartridge.composite.entities.cartridge.queryTaskContributor.view</com:relationship>
    </view>
  </queryTaskDataContributors>
  <queryTaskDataContributors>
    <com:id>G8Rw--+u--+DUVkd--+2Jg</com:id>
    <com:elementType>oracle.communications.studio.osm.cartridge.composite.entities.cartridge.queryTaskContributor</com:elementType>
    <order>
      <com:entity>OsmCentralOMExampleOrder</com:entity>
      <com:entityType>order</com:entityType>
      <com:relationship>oracle.communications.studio.osm.cartridge.composite.entities.cartridge.queryTaskContributor.order</com:relationship>
    </order>
    <role>
      <com:entity>DefaultRole</com:entity>
      <com:entityType>rolePermissions</com:entityType>
      <com:relationship>oracle.communications.studio.osm.cartridge.composite.entities.cartridge.queryTaskContributor.role</com:relationship>
    </role>
    <task>
      <com:entity>OsmCentralOMExampleQueryTask</com:entity>
      <com:entityType>manualTask</com:entityType>
      <com:relationship>oracle.communications.studio.osm.cartridge.composite.entities.cartridge.queryTaskContributor.task</com:relationship>
    </task>
    <view>
      <com:entity>ProvisioningCreationView</com:entity>
      <com:entityType>compositeCartridgeView</com:entityType>
      <com:relationship>oracle.communications.studio.osm.cartridge.composite.entities.cartridge.queryTaskContributor.view</com:relationship>
    </view>
  </queryTaskDataContributors>
  <queryTaskDataContributors>
    <com:id>--+HUSQp--+L+txq---dWw</com:id>
    <com:elementType>oracle.communications.studio.osm.cartridge.composite.entities.cartridge.queryTaskContributor</com:elementType>
    <order>
      <com:entity>OsmCentralOMExampleOrder</com:entity>
      <com:entityType>order</com:entityType>
      <com:relationship>oracle.communications.studio.osm.cartridge.composite.entities.cartridge.queryTaskContributor.order</com:relationship>
    </order>
    <role>
      <com:entity>DefaultRole</com:entity>
      <com:entityType>rolePermissions</com:entityType>
      <com:relationship>oracle.communications.studio.osm.cartridge.composite.entities.cartridge.queryTaskContributor.role</com:relationship>
    </role>
    <task>
      <com:entity>OsmCentralOMExampleQueryTask</com:entity>
      <com:entityType>manualTask</com:entityType>
      <com:relationship>oracle.communications.studio.osm.cartridge.composite.entities.cartridge.queryTaskContributor.task</com:relationship>
    </task>
    <view>
      <com:entity>CollectionsCreationView</com:entity>
      <com:entityType>compositeCartridgeView</com:entityType>
      <com:relationship>oracle.communications.studio.osm.cartridge.composite.entities.cartridge.queryTaskContributor.view</com:relationship>
    </view>
  </queryTaskDataContributors>
</com:modelEntity>