<?xml version="1.0" encoding="UTF-8"?>
<Manifest xmlns="http://www.metasolv.com/CartridgeManifest/" xmlns:xsi="http://www.w3.org/2001/XMLSchema-instance">
    <Identification>
        <Name>OsmCentralOMExample-Solution</Name>
        <Version>1.0.0.0.0</Version>
        <Type>OSM</Type>
        <BuildID>114</BuildID>
    </Identification>
    <Component>
        <Type>ModelComponentType</Type>
        <Location>/OSMModel.xml</Location>
    </Component>
    <Component>
        <Type>PluginComponentType</Type>
        <Location>/automation/osm_OsmCentralOMExample-Solution_1_0_0_0_0.ear</Location>
    </Component>
    <Component>
        <Type>UserWorkgroupComponentType</Type>
        <Location>/userConfig/userConfig.xml</Location>
    </Component>
    <Component>
        <Type>xmlCatalogType</Type>
        <Location>xmlCatalogs/catalogs.zip</Location>
    </Component>
    <Component>
        <Type>ResourceType</Type>
        <Location>resources/resources.zip</Location>
    </Component>
    <Component>
        <Type>ReferencedCartridgeType</Type>
        <Location>/cartridges/OsmCentralOMExample-Orchestration.par</Location>
    </Component>
    <Component>
        <Type>ReferencedCartridgeType</Type>
        <Location>/cartridges/OsmCentralOMExample-ProductClasses.par</Location>
    </Component>
    <Component>
        <Type>ReferencedCartridgeType</Type>
        <Location>/cartridges/OsmCentralOMExample-ProductSpec.par</Location>
    </Component>
    <Component>
        <Type>ReferencedCartridgeType</Type>
        <Location>/cartridges/OsmCentralOMExample-SyncCustomerFunction.par</Location>
    </Component>
    <Component>
        <Type>ReferencedCartridgeType</Type>
        <Location>/cartridges/OsmCentralOMExample-Topology.par</Location>
    </Component>
    <Component>
        <Type>ReferencedCartridgeType</Type>
        <Location>/cartridges/OsmCentralOMExample-CollectionsFunction.par</Location>
    </Component>
    <Component>
        <Type>ReferencedCartridgeType</Type>
        <Location>/cartridges/OsmCentralOMExample-BillingFunction.par</Location>
    </Component>
    <Component>
        <Type>ReferencedCartridgeType</Type>
        <Location>/cartridges/OsmCentralOMExample-MarketingFunction.par</Location>
    </Component>
    <Component>
        <Type>ReferencedCartridgeType</Type>
        <Location>/cartridges/OsmCentralOMExample-ProvisioningFunction.par</Location>
    </Component>
    <Component>
        <Type>ReferencedCartridgeType</Type>
        <Location>/cartridges/OsmCentralOMExample-FulfillmentState.par</Location>
    </Component>
</Manifest>
