<_25:manifest xmlns:_25="http://www.metasolv.com/OMS/OrderModel/2002/06/25" xmlns:model="http://xmlns.oracle.com/communications/ordermanagement/model" name="OsmCentralOMExample-Topology">
  <model:description>OsmCentralOMExample-Topology</model:description>
  <_25:exportedEntity>
    <model:name>SyncCustomerToCustomerSystem</model:name>
    <model:namespace>http://oracle.communications.ordermanagement.unsupported.centralom</model:namespace>
  </_25:exportedEntity>
  <_25:exportedEntity>
    <model:name>ProvisionToMobileProvisioning</model:name>
    <model:namespace>http://oracle.communications.ordermanagement.unsupported.centralom</model:namespace>
  </_25:exportedEntity>
  <_25:exportedEntity>
    <model:name>ProvisionToFixedProvisioningSystem</model:name>
    <model:namespace>http://oracle.communications.ordermanagement.unsupported.centralom</model:namespace>
  </_25:exportedEntity>
  <_25:exportedEntity>
    <model:name>ProvisionToDSLProvisioningSystem_Region2</model:name>
    <model:namespace>http://oracle.communications.ordermanagement.unsupported.centralom</model:namespace>
  </_25:exportedEntity>
  <_25:exportedEntity>
    <model:name>ProvisionToDSLProvisioningSystem_Region1</model:name>
    <model:namespace>http://oracle.communications.ordermanagement.unsupported.centralom</model:namespace>
  </_25:exportedEntity>
  <_25:exportedEntity>
    <model:name>MarketingToMarketingSystem</model:name>
    <model:namespace>http://oracle.communications.ordermanagement.unsupported.centralom</model:namespace>
  </_25:exportedEntity>
  <_25:exportedEntity>
    <model:name>CollectionsToCollectionsSystem</model:name>
    <model:namespace>http://oracle.communications.ordermanagement.unsupported.centralom</model:namespace>
  </_25:exportedEntity>
  <_25:exportedEntity>
    <model:name>BillingToBillingSystem</model:name>
    <model:namespace>http://oracle.communications.ordermanagement.unsupported.centralom</model:namespace>
  </_25:exportedEntity>
  <_25:exportedEntity>
    <model:name>FunctionToWholeOrder</model:name>
    <model:namespace>http://oracle.communications.ordermanagement.unsupported.centralom</model:namespace>
  </_25:exportedEntity>
  <_25:exportedEntity>
    <model:name>EndFunctionsGranularity</model:name>
    <model:namespace>http://oracle.communications.ordermanagement.unsupported.centralom</model:namespace>
  </_25:exportedEntity>
  <_25:exportedEntity>
    <model:name>BillingToBundle</model:name>
    <model:namespace>http://oracle.communications.ordermanagement.unsupported.centralom</model:namespace>
  </_25:exportedEntity>
  <_25:exportedEntity>
    <model:name>TargetSystem</model:name>
    <model:namespace>http://oracle.communications.ordermanagement.unsupported.centralom</model:namespace>
  </_25:exportedEntity>
  <_25:exportedEntity>
    <model:name>MobileProvisioningSystem</model:name>
    <model:namespace>http://oracle.communications.ordermanagement.unsupported.centralom</model:namespace>
  </_25:exportedEntity>
  <_25:exportedEntity>
    <model:name>MarketingSystem</model:name>
    <model:namespace>http://oracle.communications.ordermanagement.unsupported.centralom</model:namespace>
  </_25:exportedEntity>
  <_25:exportedEntity>
    <model:name>FixedProvisioningSystem</model:name>
    <model:namespace>http://oracle.communications.ordermanagement.unsupported.centralom</model:namespace>
  </_25:exportedEntity>
  <_25:exportedEntity>
    <model:name>DSLProvisioningSystem_Region2</model:name>
    <model:namespace>http://oracle.communications.ordermanagement.unsupported.centralom</model:namespace>
  </_25:exportedEntity>
  <_25:exportedEntity>
    <model:name>DSLProvisioningSystem_Region1</model:name>
    <model:namespace>http://oracle.communications.ordermanagement.unsupported.centralom</model:namespace>
  </_25:exportedEntity>
  <_25:exportedEntity>
    <model:name>CustomerSystem</model:name>
    <model:namespace>http://oracle.communications.ordermanagement.unsupported.centralom</model:namespace>
  </_25:exportedEntity>
  <_25:exportedEntity>
    <model:name>CollectionsSystem</model:name>
    <model:namespace>http://oracle.communications.ordermanagement.unsupported.centralom</model:namespace>
  </_25:exportedEntity>
  <_25:exportedEntity>
    <model:name>BillingSystem</model:name>
    <model:namespace>http://oracle.communications.ordermanagement.unsupported.centralom</model:namespace>
  </_25:exportedEntity>
  <_25:exportedEntity>
    <model:name>WholeOrder</model:name>
    <model:namespace>http://oracle.communications.ordermanagement.unsupported.centralom</model:namespace>
  </_25:exportedEntity>
  <_25:exportedEntity>
    <model:name>ProcessingGranularity</model:name>
    <model:namespace>http://oracle.communications.ordermanagement.unsupported.centralom</model:namespace>
  </_25:exportedEntity>
  <_25:exportedEntity>
    <model:name>Offer</model:name>
    <model:namespace>http://oracle.communications.ordermanagement.unsupported.centralom</model:namespace>
  </_25:exportedEntity>
  <_25:exportedEntity>
    <model:name>Bundle</model:name>
    <model:namespace>http://oracle.communications.ordermanagement.unsupported.centralom</model:namespace>
  </_25:exportedEntity>
</_25:manifest>