<model:orderComponentSpec xmlns:model="http://xmlns.oracle.com/communications/ordermanagement/model" name="BillingFunction" namespace="http://oracle.communications.ordermanagement.unsupported.centralom">
  <model:description>BillingFunction</model:description>
  <model:extends>
    <model:name>Function</model:name>
    <model:namespace>http://oracle.communications.ordermanagement.unsupported.centralom</model:namespace>
  </model:extends>
  <model:executedByTask>
    <model:name>BillingFunction_BillingSI</model:name>
    <model:namespace>default</model:namespace>
  </model:executedByTask>
  <model:isExecutable>false</model:isExecutable>
  <model:summaryView>
    <model:view>
      <model:name>BillingSummaryTask</model:name>
      <model:namespace>urn:oracle:communications:ordermanagement:OsmCentralOMExample-Orchestration:1.0.0.0.0</model:namespace>
    </model:view>
    <model:workgroup>
      <model:name>SummaryRole</model:name>
      <model:namespace>urn:oracle:communications:ordermanagement:OsmCentralOMExample-Orchestration:1.0.0.0.0</model:namespace>
    </model:workgroup>
  </model:summaryView>
  <model:externalFulfillmentState name="Billing_Started">
    <model:description>Billing Start</model:description>
  </model:externalFulfillmentState>
  <model:externalFulfillmentState name="Billing_Completed">
    <model:description>Billing Completed</model:description>
  </model:externalFulfillmentState>
  <model:externalFulfillmentState name="Billing_Failed">
    <model:description>Billing Failed</model:description>
  </model:externalFulfillmentState>
  <model:externalFulfillmentState name="Billing_Cancelled">
    <model:description>Billing Cancelled</model:description>
  </model:externalFulfillmentState>
</model:orderComponentSpec>