<view name="SyncCustomerCreationView" xsi:schemaLocation="http://www.metasolv.com/OMS/OrderModel/2002/06/25" xmlns:xsi="http://www.w3.org/2001/XMLSchema-instance" xmlns="http://www.metasolv.com/OMS/OrderModel/2002/06/25">
   <description>SyncCustomerCreationView</description>
   <stylesheet/>
   <printStylesheet/>
	<viewNode element="ControlData">
	<editable>true</editable>  <minOccurs>0</minOccurs>
    <maxOccurs>1</maxOccurs>
	
	<viewNode element="Functions">
	<editable>true</editable>  <minOccurs>0</minOccurs>
    <maxOccurs>1</maxOccurs>
	
	<viewNode element="SyncCustomerFunction">
	<editable>true</editable>  <minOccurs>0</minOccurs>
    <maxOccurs>999999999</maxOccurs>
	
	<viewNode element="componentKey">
	<editable>true</editable>  <minOccurs>1</minOccurs>
    <maxOccurs>1</maxOccurs>
	
</viewNode>

<viewNode element="orderItem">
	<editable>true</editable>  <minOccurs>0</minOccurs>
    <maxOccurs>999999999</maxOccurs>
	
	<viewNode element="orderItemRef">
	<editable>true</editable>  <minOccurs>0</minOccurs>
    <maxOccurs>999999999</maxOccurs>
	
	<viewNode element="productClass">
	<editable>true</editable>  <minOccurs>1</minOccurs>
    <maxOccurs>1</maxOccurs>
	
</viewNode>

<viewNode element="productSpec">
	<editable>true</editable>  <minOccurs>1</minOccurs>
    <maxOccurs>1</maxOccurs>
	
</viewNode>

<viewNode element="lineId">
	<editable>true</editable>  <minOccurs>1</minOccurs>
    <maxOccurs>1</maxOccurs>
	
</viewNode>

<viewNode element="lineItemName">
	<editable>true</editable>  <minOccurs>1</minOccurs>
    <maxOccurs>1</maxOccurs>
	
</viewNode>

<viewNode element="requestedDeliveryDate">
	<editable>true</editable>  <minOccurs>1</minOccurs>
    <maxOccurs>1</maxOccurs>
	
</viewNode>

<viewNode element="parentLineId">
	<editable>true</editable>  <minOccurs>1</minOccurs>
    <maxOccurs>1</maxOccurs>
	
</viewNode>

<viewNode element="region">
	<editable>true</editable>  <minOccurs>1</minOccurs>
    <maxOccurs>1</maxOccurs>
	
</viewNode>

<viewNode element="typeCode">
	<editable>true</editable>  <minOccurs>1</minOccurs>
    <maxOccurs>1</maxOccurs>
	
</viewNode>

<viewNode element="serviceId">
	<editable>true</editable>  <minOccurs>0</minOccurs>
    <maxOccurs>1</maxOccurs>
	
</viewNode>

<viewNode element="lineItemPayload">
	<editable>true</editable>  <minOccurs>0</minOccurs>
    <maxOccurs>1</maxOccurs>
	
</viewNode>

<viewNode element="PointOfNoReturn">
	<editable>true</editable>  <minOccurs>0</minOccurs>
    <maxOccurs>1</maxOccurs>
	
</viewNode>

<viewNode element="OrderItemFulfillmentState">
	<editable>true</editable>  <minOccurs>0</minOccurs>
    <maxOccurs>1</maxOccurs>
	
</viewNode>


</viewNode>

<viewNode element="ExternalFulfillmentState">
	<editable>true</editable>  <minOccurs>0</minOccurs>
    <maxOccurs>1</maxOccurs>
	
</viewNode>


</viewNode>

<viewNode element="Status">
	<editable>true</editable>  <minOccurs>0</minOccurs>
    <maxOccurs>1</maxOccurs>
	
	<viewNode element="ErrorCode">
	<editable>true</editable>  <minOccurs>0</minOccurs>
    <maxOccurs>1</maxOccurs>
	
</viewNode>

<viewNode element="ErrorMessage">
	<editable>true</editable>  <minOccurs>0</minOccurs>
    <maxOccurs>1</maxOccurs>
	
</viewNode>

<viewNode element="ErrorStatus">
	<editable>true</editable>  <minOccurs>0</minOccurs>
    <maxOccurs>1</maxOccurs>
	
</viewNode>


</viewNode>


</viewNode>


</viewNode>


</viewNode>


	<viewNode element="Status">
	<editable>true</editable>  <minOccurs>0</minOccurs>
    <maxOccurs>1</maxOccurs>
	
	<viewNode element="SyncCustomerStatus">
	<editable>true</editable>  <minOccurs>0</minOccurs>
    <maxOccurs>1</maxOccurs>
	
	<viewNode element="ErrorCode">
	<editable>true</editable>  <minOccurs>0</minOccurs>
    <maxOccurs>1</maxOccurs>
	
</viewNode>

<viewNode element="ErrorMessage">
	<editable>true</editable>  <minOccurs>0</minOccurs>
    <maxOccurs>1</maxOccurs>
	
</viewNode>

<viewNode element="ErrorStatus">
	<editable>true</editable>  <minOccurs>0</minOccurs>
    <maxOccurs>1</maxOccurs>
	
</viewNode>


</viewNode>


</viewNode>


</view>