<process xmlns="http://www.metasolv.com/OMS/OrderModel/2002/06/25" name="FalloutProcess" workstream="false">
  <description>FalloutProcess</description>
  <expectedDuration>P0Y0M0DT0H0M86400S</expectedDuration>
  <startActivity>Fallout_Completion_Task</startActivity>
  <activity name="Fallout_Completion_Task">
    <task>FalloutCompletionTask</task>
    <description>Fallout Completion Task</description>
    <inputType>ANY</inputType>
    <processHistorySummary>true</processHistorySummary>
  </activity>
</process>