<process xmlns="http://www.metasolv.com/OMS/OrderModel/2002/06/25" name="CustomerSystemSI" workstream="false">
  <description>Customer System SI</description>
  <expectedDuration>P0Y0M0DT0H0M86400S</expectedDuration>
  <startActivity>Configure_Customer_System_Task</startActivity>
  <activity name="Configure_Customer_System_Task">
    <task>configureCustomerSystemTask</task>
    <description>Configure Customer System Task</description>
    <inputType>ANY</inputType>
    <processHistorySummary>true</processHistorySummary>
  </activity>
</process>