<model:productSpec xmlns:xsi="http://www.w3.org/2001/XMLSchema-instance" xmlns:model="http://xmlns.oracle.com/communications/ordermanagement/model" name="BaseProductSpec" namespace="http://oracle.communications.ordermanagement.unsupported.centralom">
  <model:description>BaseProductSpec</model:description>
  <model:orchestrationPlan>
    <model:fulfillmentMode>
      <model:name>Cancel</model:name>
      <model:namespace>http://oracle.communications.ordermanagement.unsupported.centralom</model:namespace>
    </model:fulfillmentMode>
  </model:orchestrationPlan>
  <model:orchestrationPlan>
    <model:fulfillmentMode>
      <model:name>Deliver</model:name>
      <model:namespace>http://oracle.communications.ordermanagement.unsupported.centralom</model:namespace>
    </model:fulfillmentMode>
    <model:component>
      <model:name>BillingFunction</model:name>
      <model:namespace>http://oracle.communications.ordermanagement.unsupported.centralom</model:namespace>
      <model:associatedOrderItems xsi:type="model:MatchingOrderComponentIdOrderItemAssocation" name="Deliver-BillingFunction-offerAssociations"/>
    </model:component>
    <model:component>
      <model:name>MarketingFunction</model:name>
      <model:namespace>http://oracle.communications.ordermanagement.unsupported.centralom</model:namespace>
    </model:component>
    <model:component>
      <model:name>CollectionsFunction</model:name>
      <model:namespace>http://oracle.communications.ordermanagement.unsupported.centralom</model:namespace>
    </model:component>
    <model:component>
      <model:name>SyncCustomerFunction</model:name>
      <model:namespace>http://oracle.communications.ordermanagement.unsupported.centralom</model:namespace>
    </model:component>
  </model:orchestrationPlan>
  <model:pointOfNoReturn name="Provision_PoNR">
    <model:description>Provision PoNR</model:description>
    <model:hardPointOfNoReturn>true</model:hardPointOfNoReturn>
  </model:pointOfNoReturn>
</model:productSpec>