<model:productSpec xmlns:xsi="http://www.w3.org/2001/XMLSchema-instance" xmlns:model="http://xmlns.oracle.com/communications/ordermanagement/model" name="Service.Broadband" namespace="http://oracle.communications.ordermanagement.unsupported.centralom">
  <model:description>Service.Broadband</model:description>
  <model:extends>
    <model:name>BaseProductSpec</model:name>
    <model:namespace>http://oracle.communications.ordermanagement.unsupported.centralom</model:namespace>
  </model:extends>
  <model:orchestrationPlan>
    <model:fulfillmentMode>
      <model:name>Deliver</model:name>
      <model:namespace>http://oracle.communications.ordermanagement.unsupported.centralom</model:namespace>
    </model:fulfillmentMode>
    <model:component>
      <model:name>ProvisioningFunction</model:name>
      <model:namespace>http://oracle.communications.ordermanagement.unsupported.centralom</model:namespace>
      <model:fulfillmentStatePoNR>
        <model:fulfillmentState>
          <model:name>Completed</model:name>
          <model:namespace>http://oracle.communications.ordermanagement.unsupported.centralom</model:namespace>
        </model:fulfillmentState>
        <model:pointOfNoReturn>Provision_PoNR</model:pointOfNoReturn>
      </model:fulfillmentStatePoNR>
    </model:component>
    <model:transition name="Service.Broadband-Deliver--ProvisioningFunction-BillingFunction">
      <model:from>
        <model:component>
          <model:name>ProvisioningFunction</model:name>
          <model:namespace>http://oracle.communications.ordermanagement.unsupported.centralom</model:namespace>
        </model:component>
      </model:from>
      <model:to>
        <model:name>BillingFunction</model:name>
        <model:namespace>http://oracle.communications.ordermanagement.unsupported.centralom</model:namespace>
      </model:to>
      <model:waitForCondition xsi:type="model:TaskStateWaitForConditionType">
        <model:state>
          <model:name>completed</model:name>
          <model:namespace>default</model:namespace>
        </model:state>
      </model:waitForCondition>
      <model:orderItemDependencyCriteria xsi:type="model:IdentityIntersectionOrderItemRelationship" name="Service.Broadband-Deliver--ProvisioningFunction-BillingFunctionOrderItemRelationship"/>
    </model:transition>
    <model:transition name="Service.Fixed-Deliver--ProvisioningFunction-ProvisioningFunction">
      <model:from>
        <model:product>
          <model:name>Service.Fixed</model:name>
          <model:namespace>http://oracle.communications.ordermanagement.unsupported.centralom</model:namespace>
        </model:product>
        <model:component>
          <model:name>ProvisioningFunction</model:name>
          <model:namespace>http://oracle.communications.ordermanagement.unsupported.centralom</model:namespace>
        </model:component>
      </model:from>
      <model:to>
        <model:name>ProvisioningFunction</model:name>
        <model:namespace>http://oracle.communications.ordermanagement.unsupported.centralom</model:namespace>
      </model:to>
      <model:waitForCondition xsi:type="model:TaskStateWaitForConditionType">
        <model:state>
          <model:name>completed</model:name>
          <model:namespace>default</model:namespace>
        </model:state>
      </model:waitForCondition>
      <model:orderItemDependencyCriteria xsi:type="model:ProductSpecOrderItemRelationship" name="Service.Fixed-Deliver--ProvisioningFunction-ProvisioningFunctionOrderItemRelationship"/>
    </model:transition>
    <model:transition name="Service.Broadband-Deliver--BillingFunction-CollectionsFunction">
      <model:from>
        <model:component>
          <model:name>BillingFunction</model:name>
          <model:namespace>http://oracle.communications.ordermanagement.unsupported.centralom</model:namespace>
        </model:component>
      </model:from>
      <model:to>
        <model:name>CollectionsFunction</model:name>
        <model:namespace>http://oracle.communications.ordermanagement.unsupported.centralom</model:namespace>
      </model:to>
      <model:waitForCondition xsi:type="model:TaskStateWaitForConditionType">
        <model:state>
          <model:name>completed</model:name>
          <model:namespace>default</model:namespace>
        </model:state>
      </model:waitForCondition>
      <model:orderItemDependencyCriteria xsi:type="model:IdentityIntersectionOrderItemRelationship" name="Service.Broadband-Deliver--BillingFunction-CollectionsFunctionOrderItemRelationship"/>
    </model:transition>
    <model:transition name="Service.Broadband-Deliver--BillingFunction-MarketingFunction">
      <model:from>
        <model:component>
          <model:name>BillingFunction</model:name>
          <model:namespace>http://oracle.communications.ordermanagement.unsupported.centralom</model:namespace>
        </model:component>
      </model:from>
      <model:to>
        <model:name>MarketingFunction</model:name>
        <model:namespace>http://oracle.communications.ordermanagement.unsupported.centralom</model:namespace>
      </model:to>
      <model:waitForCondition xsi:type="model:TaskStateWaitForConditionType">
        <model:state>
          <model:name>completed</model:name>
          <model:namespace>default</model:namespace>
        </model:state>
      </model:waitForCondition>
      <model:orderItemDependencyCriteria xsi:type="model:IdentityIntersectionOrderItemRelationship" name="Service.Broadband-Deliver--BillingFunction-MarketingFunctionOrderItemRelationship"/>
    </model:transition>
    <model:transition name="Service.Broadband-Deliver--BillingFunction-SyncCustomerFunction">
      <model:from>
        <model:component>
          <model:name>BillingFunction</model:name>
          <model:namespace>http://oracle.communications.ordermanagement.unsupported.centralom</model:namespace>
        </model:component>
      </model:from>
      <model:to>
        <model:name>SyncCustomerFunction</model:name>
        <model:namespace>http://oracle.communications.ordermanagement.unsupported.centralom</model:namespace>
      </model:to>
      <model:waitForCondition xsi:type="model:TaskStateWaitForConditionType">
        <model:state>
          <model:name>completed</model:name>
          <model:namespace>default</model:namespace>
        </model:state>
      </model:waitForCondition>
      <model:orderItemDependencyCriteria xsi:type="model:IdentityIntersectionOrderItemRelationship" name="Service.Broadband-Deliver--BillingFunction-SyncCustomerFunctionOrderItemRelationship"/>
    </model:transition>
  </model:orchestrationPlan>
</model:productSpec>