<process xmlns="http://www.metasolv.com/OMS/OrderModel/2002/06/25" name="BillingSI" workstream="false">
  <description>BillingSI</description>
  <expectedDuration>P0Y0M0DT0H0M86400S</expectedDuration>
  <startActivity>configureBillingTask</startActivity>
  <activity name="configureBillingTask">
    <task>configureBillingTask</task>
    <description>configureBillingTask</description>
    <inputType>ANY</inputType>
    <processHistorySummary>true</processHistorySummary>
  </activity>
</process>