<cartridge namespace="OsmCentralOMExample-BillingFunction" version="1.0.0.0.0" 
    xsi:schemaLocation="http://www.metasolv.com/OMS/OrderModel/2002/06/25" 
    xmlns:xsi="http://www.w3.org/2001/XMLSchema-instance" 
    xmlns:xi="http://www.w3.org/2001/XInclude" 
    xmlns="http://www.metasolv.com/OMS/OrderModel/2002/06/25"    
    xmlns:model="http://xmlns.oracle.com/communications/ordermanagement/model">	
		<description>OsmCentralOMExample-BillingFunction</description>
		<default>true</default>
		<timestamp>2007-02-01T21:31:09</timestamp> 
 	 	
        		
        <xi:include href="orchestrationModel/OsmCentralOMExample-BillingFunction.xml"/>
      <model:resource name="OsmCentralOMExample-BillingFunction" namespace="OsmCentralOMExample-BillingFunction">
         <model:description>resource files</model:description>
         <model:location>resources/resources.zip</model:location>
      </model:resource>
      <model:xmlCatalog name="OsmCentralOMExample-BillingFunction" namespace="OsmCentralOMExample-BillingFunction">
         <model:description>xml catalogs</model:description>
         <model:location>xmlCatalogs/catalogs.zip</model:location>
      </model:xmlCatalog>
         <xi:include href="manifest/OsmCentralOMExample-BillingFunction.xml"/>           
</cartridge>


