<dataDictionary xsi:schemaLocation="http://www.metasolv.com/OMS/OrderModel/2002/06/25" 
	xmlns:xsi="http://www.w3.org/2001/XMLSchema-instance" 
	xmlns="http://www.metasolv.com/OMS/OrderModel/2002/06/25"> 
	<element name="ErrorStatus"  xsi:type="textType">
	
		<description>ErrorStatus</description>
		
		
				<length>40</length>
		
	</element>
	<element name="orderItem"  xsi:type="groupType">
	
		<description>Order Item</description>
		
	</element>	
	<element name="number"  xsi:type="textType">
	
		<description>number</description>
		
		
				<length>50</length>
		
	</element>
	<element name="ResponseParamGroup"  xsi:type="groupType">
	
		<description>ResponseParamGroup</description>
		
	</element>	
	<element name="Functions"  xsi:type="groupType">
	
		<description>Functions</description>
		
	</element>	
	<element name="paymentMethod"  xsi:type="textType">
	
		<description>paymentMethod</description>
		
		
				<length>50</length>
		
	</element>
	<element name="empresaFaturamento"  xsi:type="textType">
	
		<description>empresaFaturamento</description>
		
		
				<length>50</length>
		
	</element>
	<element name="typeInvoice"  xsi:type="textType">
	
		<description>typeInvoice</description>
		
		
				<length>50</length>
		
	</element>
	<element name="MarketingStatus"  xsi:type="groupType">
	
		<description>MarketingStatus</description>
		
	</element>	
	<element name="inscrState"  xsi:type="textType">
	
		<description>inscrState</description>
		
		
				<length>40</length>
		
	</element>
	<element name="areaCode"  xsi:type="textType">
	
		<description>areaCode</description>
		
		
				<length>50</length>
		
	</element>
	<element name="serviceId"  xsi:type="textType">
	
		<description>serviceId</description>
		
		
				<length>40</length>
		
	</element>
	<element name="BillingProfile"  xsi:type="groupType">
	
		<description>BillingProfile</description>
		
	</element>	
	<element name="locationType"  xsi:type="textType">
	
		<description>locationType</description>
		
		
				<length>50</length>
		
	</element>
	<element name="ProvisioningFunction"  xsi:type="groupType">
	
		<description>ProvisioningFunction</description>
		
	</element>	
	<element name="componentKey"  xsi:type="textType">
	
		<description>Component Key</description>
		
		
				<length>1000</length>
		
	</element>
	<element name="ErrorMessage"  xsi:type="textType">
	
		<description>ErrorMessage</description>
		
		
				<length>200</length>
		
	</element>
	<element name="mediaType"  xsi:type="textType">
	
		<description>mediaType</description>
		
		
				<length>50</length>
		
	</element>
	<element name="OrderHeader"  xsi:type="groupType">
	
		<description>OrderHeader</description>
		
	</element>	
	<element name="AccountDetails"  xsi:type="groupType">
	
		<description>AccountDetails</description>
		
	</element>	
	<element name="billingCycle"  xsi:type="textType">
	
		<description>billingCycle</description>
		
		
				<length>50</length>
		
	</element>
	<element name="lineItemPayload"  xsi:type="xmlType">
	
		<description>lineItemPayload</description>
		<significant>false</significant>
		<length>0</length>
	</element>	 
	<element name="BillingStatus"  xsi:type="groupType">
	
		<description>BillingStatus</description>
		
	</element>	
	<element name="CollectionsFunction"  xsi:type="groupType">
	
		<description>CollectionsFunction</description>
		
	</element>	
	<element name="category"  xsi:type="textType">
	
		<description>category</description>
		
		
				<length>40</length>
		
	</element>
	<element name="typeCode"  xsi:type="textType">
	
		<description>typeCode</description>
		
		
				<length>40</length>
		
	</element>
	<element name="order"  xsi:type="xmlType">
	
		<description>order</description>
		<significant>false</significant>
		<length>0</length>
	</element>	 
	<element name="productSpec"  xsi:type="textType">
	
		<description>productSpec</description>
		
		
				<length>100</length>
		
	</element>
	<element name="paramName"  xsi:type="textType">
	
		<description>paramName</description>
		
		
				<length>40</length>
		
	</element>
	<element name="ControlData"  xsi:type="groupType">
	
		<description>ControlData</description>
		
	</element>	
	<element name="state"  xsi:type="textType">
	
		<description>state</description>
		
		
				<length>50</length>
		
	</element>
	<element name="Status"  xsi:type="groupType">
	
		<description>Status</description>
		
	</element>	
	<element name="nameLocation"  xsi:type="textType">
	
		<description>nameLocation</description>
		
		
				<length>200</length>
		
	</element>
	<element name="ExternalFulfillmentState"  xsi:type="textType">
	
		<description>External Fulfillment State</description>
		
		
				<length>40</length>
		
	</element>
	<element name="lineItemName"  xsi:type="textType">
	
		<description>lineItemName</description>
		
		
				<length>100</length>
		
	</element>
	<element name="requestedDeliveryDate"  xsi:type="dateTimeType">
	
		<description>requestedDeliveryDate</description>
		
				
	</element>
	<element name="MarketingFunction"  xsi:type="groupType">
	
		<description>MarketingFunction</description>
		
	</element>	
	<element name="OrderFulfillmentState"  xsi:type="textType">
	
		<description>Order Fulfillment State</description>
		<viewRule xsi:type="informationRuleType">

		<description> Order Fulfillment State</description>			<label lang="en">&#039;OrderFulfillmentState&#039;</label>
		</viewRule>
		
		
				<length>128</length>
		
	</element>
	<element name="SyncCustomerStatus"  xsi:type="groupType">
	
		<description>SyncCustomerStatus</description>
		
	</element>	
	<element name="clientSince"  xsi:type="dateType">
	
		<description>clientSince</description>
		
				
	</element>
	<element name="city"  xsi:type="textType">
	
		<description>city</description>
		
		
				<length>50</length>
		
	</element>
	<element name="lineId"  xsi:type="textType">
	
		<description>lineId</description>
		
		
				<length>100</length>
		
	</element>
	<element name="exemptionICMS"  xsi:type="booleanType">
	
		<description>exemptionICMS</description>
		
				
	</element>
	<element name="FalloutMessage"  xsi:type="xmlType">
	
		<description>FalloutMessage</description>
		<significant>false</significant>
		<length>0</length>
	</element>	 
	<element name="typeAddress"  xsi:type="textType">
	
		<description>typeAddress</description>
		
		
				<length>50</length>
		
	</element>
	<element name="ResponseParam"  xsi:type="groupType">
	
		<description>ResponseParam</description>
		
	</element>	
	<element name="numAccount"  xsi:type="textType">
	
		<description>numAccount</description>
		
		
				<length>40</length>
		
	</element>
	<element name="PointOfNoReturn"  xsi:type="textType">
	
		<description>Point Of No Return</description>
		
		
				<length>40</length>
		
	</element>
	<element name="ProvisioningMobileStatus"  xsi:type="groupType">
	
		<description>ProvisioningMobileStatus</description>
		
	</element>	
	<element name="district"  xsi:type="textType">
	
		<description>district</description>
		
		
				<length>50</length>
		
	</element>
	<element name="referencePoint"  xsi:type="textType">
	
		<description>referencePoint</description>
		
		
				<length>50</length>
		
	</element>
	<element name="paramValue"  xsi:type="textType">
	
		<description>paramValue</description>
		
		
				<length>40</length>
		
	</element>
	<element name="ProvisioningDSLRegion1Status"  xsi:type="groupType">
	
		<description>ProvisioningDSLRegion1Status</description>
		
	</element>	
	<element name="region"  xsi:type="textType">
	
		<description>region</description>
		
		
				<length>40</length>
		
	</element>
	<element name="productClass"  xsi:type="textType">
	
		<description>productClass</description>
		
		
				<length>100</length>
		
	</element>
	<element name="numCompl"  xsi:type="textType">
	
		<description>numCompl</description>
		
		
				<length>50</length>
		
	</element>
	<element name="BillingFunction"  xsi:type="groupType">
	
		<description>BillingFunction</description>
		
	</element>	
	<element name="ErrorCode"  xsi:type="textType">
	
		<description>ErrorCode</description>
		
		
				<length>40</length>
		
	</element>
	<element name="OrderItem"  xsi:type="groupType">
	
		<description>OrderItem</description>
		
	</element>	
	<element name="codeLocation"  xsi:type="textType">
	
		<description>codeLocation</description>
		
		
				<length>50</length>
		
	</element>
	<element name="cpfClient"  xsi:type="textType">
	
		<description>cpfClient</description>
		
		
				<length>40</length>
		
	</element>
	<element name="SystemInteraction"  xsi:type="groupType">
	
		<description>SystemInteraction</description>
		
	</element>	
	<element name="OrderItemFulfillmentState"  xsi:type="textType">
	
		<description>Order Item Fulfillment State</description>
		<viewRule xsi:type="informationRuleType">

		<description> Order Item Fulfillment State</description>			<label lang="en">&#039;OrderItemFulfillmentState&#039;</label>
		</viewRule>
		
		
				<length>128</length>
		
	</element>
	<element name="SyncCustomerFunction"  xsi:type="groupType">
	
		<description>SyncCustomerFunction</description>
		
	</element>	
	<element name="CustomerDetails"  xsi:type="groupType">
	
		<description>CustomerDetails</description>
		
	</element>	
	<element name="ProvisioningFixedStatus"  xsi:type="groupType">
	
		<description>ProvisioningFixedStatus</description>
		
	</element>	
	<element name="typeOrder"  xsi:type="textType">
	
		<description>typeOrder</description>
		
		
				<length>40</length>
		
	</element>
	<element name="corporate"  xsi:type="textType">
	
		<description>corporate</description>
		
		
				<length>40</length>
		
	</element>
	<element name="ConversationId"  xsi:type="textType">
	
		<description>ConversationId</description>
		
		
				<length>40</length>
		
	</element>
	<element name="parentLineId"  xsi:type="textType">
	
		<description>parentLineId</description>
		
		
				<length>100</length>
		
	</element>
	<element name="numSalesOrder"  xsi:type="textType">
	
		<description>numSalesOrder</description>
		
		
				<length>40</length>
		
	</element>
	<element name="ProvisioningDSLRegion2Status"  xsi:type="groupType">
	
		<description>ProvisioningDSLRegion2Status</description>
		
	</element>	
	<element name="CollectionsStatus"  xsi:type="groupType">
	
		<description>CollectionsStatus</description>
		
	</element>	
	<element name="cnpjClient"  xsi:type="textType">
	
		<description>cnpjClient</description>
		
		
				<length>40</length>
		
	</element>
	<element name="typeCompl"  xsi:type="textType">
	
		<description>typeCompl</description>
		
		
				<length>50</length>
		
	</element>
	<element name="status"  xsi:type="textType">
	
		<description>status</description>
		
		
				<length>40</length>
		
	</element>
     
     	<element name="orderItemRef"  xsi:type="referenceType">
		<description>orderItemRef</description>
	</element>	
		
	<schemaFile>dataDictionary/OsmCentralOMExample-SyncCustomerFunction/OsmCentralOMExample-SyncCustomerFunction.xsd</schemaFile>
	<schemaFile>dataDictionary/OsmCentralOMExample-ProvisioningFunction/OsmCentralOMExample-ProvisioningFunction.xsd</schemaFile>
	<schemaFile>dataDictionary/OracleComms_OSM_CommonDataDictionary/OracleComms_OSM_CommonDataDictionary.xsd</schemaFile>
	<schemaFile>dataDictionary/OsmCentralOMExample-MarketingFunction/OsmCentralOMExample-MarketingFunction.xsd</schemaFile>
	<schemaFile>dataDictionary/OsmCentralOMExample-BillingFunction/OsmCentralOMExample-BillingFunction.xsd</schemaFile>
	<schemaFile>dataDictionary/OsmCentralOMExample-ProductClasses/OsmCentralOMExample-ProductClasses.xsd</schemaFile>
	<schemaFile>dataDictionary/OsmCentralOMExample-Orchestration/OsmCentralOMExample-Orchestration.xsd</schemaFile>
	<schemaFile>dataDictionary/OsmCentralOMExample-CollectionsFunction/OsmCentralOMExample-CollectionsFunction.xsd</schemaFile>
	<schemaFile>dataDictionary/OsmCentralOMExample-Orchestration/InputMessage.xsd</schemaFile>
</dataDictionary>