
<masterOrderTemplate 
    xmlns:xsi="http://www.w3.org/2001/XMLSchema-instance" 
    xmlns="http://www.metasolv.com/OMS/OrderModel/2002/06/25">
        <dataNode element="FalloutMessage"  />
        <dataNode element="ControlData"  ><dataNode element="OrderItem"  ><dataNode element="productClass"   />
<dataNode element="productSpec"   />
<dataNode element="lineId"   />
<dataNode element="lineItemName"   />
<dataNode element="requestedDeliveryDate"   />
<dataNode element="parentLineId"   />
<dataNode element="region"   />
<dataNode element="typeCode"   />
<dataNode element="serviceId"   />
<dataNode element="lineItemPayload"   />
<dataNode element="PointOfNoReturn"   />
<dataNode element="OrderItemFulfillmentState"   />
 </dataNode>
<dataNode element="Functions"  ><dataNode element="ProvisioningFunction"  ><dataNode element="componentKey"   />
<dataNode element="orderItem"  ><dataNode element="ExternalFulfillmentState"   />
<dataNode element="orderItemRef"  >	<reference>
		<pathToNode>/ControlData/OrderItem</pathToNode>
	</reference>
 </dataNode>
 </dataNode>
<dataNode element="Status"  ><dataNode element="ErrorCode"   />
<dataNode element="ErrorMessage"   />
<dataNode element="ErrorStatus"   />
 </dataNode>
<dataNode element="SystemInteraction"  ><dataNode element="ConversationId"   />
 </dataNode>
 </dataNode>
<dataNode element="MarketingFunction"  ><dataNode element="componentKey"   />
<dataNode element="orderItem"  ><dataNode element="ExternalFulfillmentState"   />
<dataNode element="orderItemRef"  >	<reference>
		<pathToNode>/ControlData/OrderItem</pathToNode>
	</reference>
 </dataNode>
 </dataNode>
<dataNode element="Status"  ><dataNode element="ErrorCode"   />
<dataNode element="ErrorMessage"   />
<dataNode element="ErrorStatus"   />
 </dataNode>
 </dataNode>
<dataNode element="CollectionsFunction"  ><dataNode element="componentKey"   />
<dataNode element="orderItem"  ><dataNode element="ExternalFulfillmentState"   />
<dataNode element="orderItemRef"  >	<reference>
		<pathToNode>/ControlData/OrderItem</pathToNode>
	</reference>
 </dataNode>
 </dataNode>
<dataNode element="Status"  ><dataNode element="ErrorCode"   />
<dataNode element="ErrorMessage"   />
<dataNode element="ErrorStatus"   />
 </dataNode>
 </dataNode>
<dataNode element="SyncCustomerFunction"  ><dataNode element="componentKey"   />
<dataNode element="orderItem"  ><dataNode element="ExternalFulfillmentState"   />
<dataNode element="orderItemRef"  >	<reference>
		<pathToNode>/ControlData/OrderItem</pathToNode>
	</reference>
 </dataNode>
 </dataNode>
<dataNode element="Status"  ><dataNode element="ErrorCode"   />
<dataNode element="ErrorMessage"   />
<dataNode element="ErrorStatus"   />
 </dataNode>
 </dataNode>
<dataNode element="BillingFunction"  ><dataNode element="componentKey"   />
<dataNode element="orderItem"  ><dataNode element="ExternalFulfillmentState"   />
<dataNode element="orderItemRef"  >	<reference>
		<pathToNode>/ControlData/OrderItem</pathToNode>
	</reference>
 </dataNode>
 </dataNode>
<dataNode element="Status"  ><dataNode element="ErrorCode"   />
<dataNode element="ErrorMessage"   />
<dataNode element="ErrorStatus"   />
 </dataNode>
 </dataNode>
 </dataNode>
<dataNode element="OrderFulfillmentState"   />

        </dataNode>
        <dataNode element="BillingProfile"  ><dataNode element="mediaType"   />
<dataNode element="typeInvoice"   />
<dataNode element="billingCycle"   />
<dataNode element="exemptionICMS"   />
<dataNode element="empresaFaturamento"   />
<dataNode element="paymentMethod"   />

        </dataNode>
        <dataNode element="Status"  ><dataNode element="SyncCustomerStatus"  ><dataNode element="ErrorCode"   />
<dataNode element="ErrorMessage"   />
<dataNode element="ErrorStatus"   />
 </dataNode>
<dataNode element="ProvisioningFixedStatus"  ><dataNode element="ErrorCode"   />
<dataNode element="ErrorMessage"   />
<dataNode element="ErrorStatus"   />
 </dataNode>
<dataNode element="ProvisioningMobileStatus"  ><dataNode element="ErrorCode"   />
<dataNode element="ErrorMessage"   />
<dataNode element="ErrorStatus"   />
 </dataNode>
<dataNode element="ProvisioningDSLRegion1Status"  ><dataNode element="ErrorCode"   />
<dataNode element="ErrorMessage"   />
<dataNode element="ErrorStatus"   />
 </dataNode>
<dataNode element="ProvisioningDSLRegion2Status"  ><dataNode element="ErrorCode"   />
<dataNode element="ErrorMessage"   />
<dataNode element="ErrorStatus"   />
 </dataNode>
<dataNode element="BillingStatus"  ><dataNode element="ErrorCode"   />
<dataNode element="ErrorMessage"   />
<dataNode element="ErrorStatus"   />
 </dataNode>
<dataNode element="MarketingStatus"  ><dataNode element="ErrorCode"   />
<dataNode element="ErrorMessage"   />
<dataNode element="ErrorStatus"   />
 </dataNode>
<dataNode element="CollectionsStatus"  ><dataNode element="ErrorCode"   />
<dataNode element="ErrorMessage"   />
<dataNode element="ErrorStatus"   />
 </dataNode>

        </dataNode>
        <dataNode element="order"  >
        </dataNode>
        <dataNode element="CustomerDetails"  ><dataNode element="locationType"   />
<dataNode element="nameLocation"   />
<dataNode element="number"   />
<dataNode element="typeCompl"   />
<dataNode element="numCompl"   />
<dataNode element="district"   />
<dataNode element="codeLocation"   />
<dataNode element="city"   />
<dataNode element="state"   />
<dataNode element="referencePoint"   />
<dataNode element="areaCode"   />
<dataNode element="typeAddress"   />

        </dataNode>
        <dataNode element="OrderHeader"  ><dataNode element="numSalesOrder"   />
<dataNode element="typeOrder"   />

        </dataNode>
        <dataNode element="AccountDetails"  ><dataNode element="numAccount"   />
<dataNode element="status"   />
<dataNode element="corporate"   />
<dataNode element="cpfClient"   />
<dataNode element="cnpjClient"   />
<dataNode element="inscrState"   />
<dataNode element="clientSince"   />
<dataNode element="category"   />

        </dataNode>
        <dataNode element="ResponseParamGroup"  ><dataNode element="ResponseParam"  ><dataNode element="paramName"   />
<dataNode element="paramValue"   />
 </dataNode>

        </dataNode>
</masterOrderTemplate>
