<cartridge namespace="OsmCentralOMExample-Solution" version="1.0.0.0.0" 
    xsi:schemaLocation="http://www.metasolv.com/OMS/OrderModel/2002/06/25" 
    xmlns:xsi="http://www.w3.org/2001/XMLSchema-instance" 
    xmlns:xi="http://www.w3.org/2001/XInclude" 
    xmlns="http://www.metasolv.com/OMS/OrderModel/2002/06/25"    
    xmlns:model="http://xmlns.oracle.com/communications/ordermanagement/model">	
		<description>OsmCentralOMExample-Solution</description>
		<default>true</default>
		<timestamp>2007-02-01T21:31:09</timestamp>
		<state name="accepted">
		   	<description>Accepted</description>
		</state>
		<state name="assigned">
		   	<description>Assigned</description>
		</state>
		<state name="received">
		   	<description>Received</description>
		</state>
		<state name="suspended">
		   	<description>Suspended</description>
		</state>
		<state name="completed">
		   	<description>Completed</description>
		</state> 
 		<status name="all_subprocess_threads_complete">
		   	<description>N/A</description>
		   	<allowableConstraintViolationSeverity>CRITICAL</allowableConstraintViolationSeverity>
		</status>
 		<status name="finish">
		   	<description>Finish</description>
		   	<allowableConstraintViolationSeverity>WARNING</allowableConstraintViolationSeverity>
		</status>
 		<status name="failure">
		   	<description>failure</description>
		   	<allowableConstraintViolationSeverity>WARNING</allowableConstraintViolationSeverity>
		</status>
 		<status name="route_to_expediter">
		   	<description>Route To Expediter</description>
		   	<allowableConstraintViolationSeverity>NONE</allowableConstraintViolationSeverity>
		</status>
 		<status name="route_to_osm">
		   	<description>Route To OSM</description>
		   	<allowableConstraintViolationSeverity>NONE</allowableConstraintViolationSeverity>
		</status>
 		<status name="route_to_fixed">
		   	<description>Route To Fixed</description>
		   	<allowableConstraintViolationSeverity>NONE</allowableConstraintViolationSeverity>
		</status>
 		<status name="next">
		   	<description>Next</description>
		   	<allowableConstraintViolationSeverity>WARNING</allowableConstraintViolationSeverity>
		</status>
 		<status name="back">
		   	<description>Back</description>
		   	<allowableConstraintViolationSeverity>WARNING</allowableConstraintViolationSeverity>
		</status>
 		<status name="cancel">
		   	<description>Cancel</description>
		   	<allowableConstraintViolationSeverity>WARNING</allowableConstraintViolationSeverity>
		</status>
 		<status name="success">
		   	<description>success</description>
		   	<allowableConstraintViolationSeverity>WARNING</allowableConstraintViolationSeverity>
		</status>
 		<status name="route_to_mobile">
		   	<description>Route To Mobile</description>
		   	<allowableConstraintViolationSeverity>NONE</allowableConstraintViolationSeverity>
		</status>
 		<xi:include href="task/SICompletionTask.xml"/>
 		<xi:include href="task/SICompletionTask_view.xml"/>
 		
 		
 		<xi:include href="task/activationOrderAdslRegion1Task.xml"/>
 		<xi:include href="task/activationOrderAdslRegion1Task_view.xml"/>
 		
 		
 		<xi:include href="task/SyncCustomerSummaryTask.xml"/>
 		<xi:include href="task/SyncCustomerSummaryTask_view.xml"/>
 		
 		
 		<xi:include href="task/OrderSummaryTask.xml"/>
 		<xi:include href="task/OrderSummaryTask_view.xml"/>
 		
 		
 		<xi:include href="task/configureCustomerSystemTask.xml"/>
 		<xi:include href="task/configureCustomerSystemTask_view.xml"/>
 		
 		
 		<xi:include href="task/OsmCentralOMExampleCreationTask.xml"/>
 		<xi:include href="task/OsmCentralOMExampleCreationTask_view.xml"/>
 		
 		
 		<xi:include href="task/activateOrderFixedTask.xml"/>
 		<xi:include href="task/activateOrderFixedTask_view.xml"/>
 		
 		
 		<xi:include href="task/SyncCustomerBaseTask.xml"/>
 		<xi:include href="task/SyncCustomerBaseTask_view.xml"/>
 		
 		
 		<xi:include href="task/activationOrderAdslRegion2Task.xml"/>
 		<xi:include href="task/activationOrderAdslRegion2Task_view.xml"/>
 		
 		
 		<xi:include href="task/configureCollectionsTask.xml"/>
 		<xi:include href="task/configureCollectionsTask_view.xml"/>
 		
 		
 		<xi:include href="task/OsmCentralOMExampleQueryTask.xml"/>
 		<xi:include href="task/OsmCentralOMExampleQueryTask_view.xml"/>
 		
 		
 		<xi:include href="task/ProvisioningFalloutTask.xml"/>
 		<xi:include href="task/ProvisioningFalloutTask_view.xml"/>
 		
 		
 		<xi:include href="task/BillingBaseTask.xml"/>
 		<xi:include href="task/BillingBaseTask_view.xml"/>
 		
 		
 		<xi:include href="task/ProvisionSummaryTask.xml"/>
 		<xi:include href="task/ProvisionSummaryTask_view.xml"/>
 		
 		
 		<xi:include href="task/routeToProvisioningTask.xml"/>
 		<xi:include href="task/routeToProvisioningTask_view.xml"/>
 		
 		
 		<xi:include href="task/ProvisioningFunctionTask.xml"/>
 		<xi:include href="task/ProvisioningFunctionTask_view.xml"/>
 		
 		
 		<xi:include href="task/CollectionsBaseTask.xml"/>
 		<xi:include href="task/CollectionsBaseTask_view.xml"/>
 		
 		
 		<xi:include href="task/BillingFunctionTask.xml"/>
 		<xi:include href="task/BillingFunctionTask_view.xml"/>
 		
 		
 		<xi:include href="task/BillingSummaryTask.xml"/>
 		<xi:include href="task/BillingSummaryTask_view.xml"/>
 		
 		
 		<xi:include href="task/mobileOrderActivationTask.xml"/>
 		<xi:include href="task/mobileOrderActivationTask_view.xml"/>
 		
 		
 		<xi:include href="task/configureMarketingTask.xml"/>
 		<xi:include href="task/configureMarketingTask_view.xml"/>
 		
 		
 		<xi:include href="task/configureBillingTask.xml"/>
 		<xi:include href="task/configureBillingTask_view.xml"/>
 		
 		
 		<xi:include href="task/ProvisioningBaseTask.xml"/>
 		<xi:include href="task/ProvisioningBaseTask_view.xml"/>
 		
 		
 		<xi:include href="task/FalloutCreationTask.xml"/>
 		<xi:include href="task/FalloutCreationTask_view.xml"/>
 		
 		
 		<xi:include href="task/CollectionsSummaryTask.xml"/>
 		<xi:include href="task/CollectionsSummaryTask_view.xml"/>
 		
 		
 		<xi:include href="task/MarketingSummaryTask.xml"/>
 		<xi:include href="task/MarketingSummaryTask_view.xml"/>
 		
 		
 		<xi:include href="task/ProvisioningUpdateTask.xml"/>
 		<xi:include href="task/ProvisioningUpdateTask_view.xml"/>
 		
 		
 		<xi:include href="task/MarketingBaseTask.xml"/>
 		<xi:include href="task/MarketingBaseTask_view.xml"/>
 		
 		
 		<xi:include href="task/FalloutCompletionTask.xml"/>
 		<xi:include href="task/FalloutCompletionTask_view.xml"/>
 		
 		
 				
			 <rule name="OsmCentralOMExampleOrder_dslRegion1Rule" >

			<description>dslRegion1Rule</description>

			<expression xsi:type="structuredExpressionType">
				<term>
               		<operand xsi:type="orderDataOperandType">
                  		<orderData>/CustomerDetails/city</orderData>
               		</operand>
        			<equals/>		
					<operand xsi:type="literalOperandType">	 				
                  		<value type="text">Rio de Janeiro</value>
               		
					</operand>
				</term>
	
			</expression>
		</rule>	
		
 				
			 <rule name="OsmCentralOMExampleOrder_dslRegion2Rule" >

			<description>dslRegion2Rule</description>

			<expression xsi:type="structuredExpressionType">
				<term>
               		<operand xsi:type="orderDataOperandType">
                  		<orderData>/CustomerDetails/city</orderData>
               		</operand>
        			<equals/>		
					<operand xsi:type="literalOperandType">	 				
                  		<value type="text">Sao Paulo</value>
               		
					</operand>
				</term>
	
			</expression>
		</rule>	
		

		<notification name="OsmCentralOMExampleOrder_OrderFulfillmentStateUpdate" xsi:type="orderDataChangeNotificationType">
			<description>OrderFulfillmentStateUpdate</description>
			<priority>1</priority>
			<enabled>true</enabled>
			<notifyRole>DefaultRole</notifyRole>
         	<notificationView>OsmCentralOMExampleQueryTask</notificationView>
			<orderEntry>
			  <orderType>OsmCentralOMExampleOrder</orderType>
			  <orderSource>OsmCentralOMExampleOrder</orderSource>
			  <orderData>/ControlData/OrderItem/OrderItemFulfillmentState</orderData>
			  <orderData>/ControlData/OrderFulfillmentState</orderData>
			  <orderData>/ControlData/OrderItem/PointOfNoReturn</orderData>
			</orderEntry>
		</notification>
		
		<task name="start1" xsi:type="ruleTaskType">
			<description>start1</description>
			<state>completed</state>
			<state>received</state>
			<status>true</status>
	   		<condition>null_rule</condition>
			<compensationStrategy>
				<onTaskReevaluate>redo</onTaskReevaluate>
			</compensationStrategy>
		</task>
 	 	<xi:include href="process/MarketingSI.xml"/>
 	 	<xi:include href="process/CollectionsSI.xml"/>
 	 	<xi:include href="process/BillingSI.xml"/>
 	 	<xi:include href="process/CustomerSystemSI.xml"/>
 	 	<xi:include href="process/ProvisioningSI.xml"/>
 	 	<xi:include href="process/FalloutProcess.xml"/>
 	 	
	    <xi:include href="orchestrationProcess/OMExampleOrchestrationProcess.xml"/>
        
		<xi:include href="dataDictionary.xml"/>
		<xi:include href="masterOrderTemplate.xml"/>		
 		<xi:include href="orderLifecyclePolicy/DefaultLifecyclePolicy.xml"/>
 		<xi:include href="order/FalloutOrder.xml"/>
 		<xi:include href="order/FalloutOrder_orderType.xml"/>
	 	<xi:include href="order/FalloutOrder_orderSource.xml"/>
 		<xi:include href="order/OsmCentralOMExampleOrder.xml"/>
 		<xi:include href="order/OsmCentralOMExampleOrder_orderType.xml"/>
	 	<xi:include href="order/OsmCentralOMExampleOrder_orderSource.xml"/>
		<workgroup name="DefaultRole">
	   		
			<column name="Type Order">
				<path>/OrderHeader/typeOrder</path>
			</column>

	 	
				<permissions>
			
 				<orderEntry>
        			<orderType>FalloutOrder</orderType>
		     	   <orderSource>FalloutOrder</orderSource>
				</orderEntry>
 				<orderEntry>
        			<orderType>OsmCentralOMExampleOrder</orderType>
		     	   <orderSource>OsmCentralOMExampleOrder</orderSource>
				</orderEntry>
      			<task>SICompletionTask</task>
      			<task>activationOrderAdslRegion1Task</task>
      			<task>configureCustomerSystemTask</task>
      			<task>OsmCentralOMExampleCreationTask</task>
      			<task>activateOrderFixedTask</task>
      			<task>SyncCustomerBaseTask</task>
      			<task>activationOrderAdslRegion2Task</task>
      			<task>configureCollectionsTask</task>
      			<task>OsmCentralOMExampleQueryTask</task>
      			<task>ProvisioningFalloutTask</task>
      			<task>BillingBaseTask</task>
      			<task>ProvisioningFunctionTask</task>
      			<task>CollectionsBaseTask</task>
      			<task>BillingFunctionTask</task>
      			<task>mobileOrderActivationTask</task>
      			<task>configureMarketingTask</task>
      			<task>configureBillingTask</task>
      			<task>ProvisioningBaseTask</task>
      			<task>FalloutCreationTask</task>
      			<task>MarketingBaseTask</task>
      			<task>FalloutCompletionTask</task>
   			</permissions>
		</workgroup>
		<workgroup name="BillingUpdateRole">
	   		
	 	
				<permissions>
			
 				<orderEntry>
        			<orderType>OsmCentralOMExampleOrder</orderType>
		     	   <orderSource>OsmCentralOMExampleOrder</orderSource>
				</orderEntry>
      			<task>BillingFunctionTask</task>
   			</permissions>
		</workgroup>
		<workgroup name="automation">
	   		
	 	
			<permissions>
		
      			<task>BillingFunctionTask</task>
   			</permissions>
		</workgroup>
		<workgroup name="SummaryRole">
	   		
	 	
				<permissions>
			
 				<orderEntry>
        			<orderType>OsmCentralOMExampleOrder</orderType>
		     	   <orderSource>OsmCentralOMExampleOrder</orderSource>
				</orderEntry>
      			<task>SyncCustomerSummaryTask</task>
      			<task>OrderSummaryTask</task>
      			<task>ProvisionSummaryTask</task>
      			<task>BillingSummaryTask</task>
      			<task>CollectionsSummaryTask</task>
      			<task>MarketingSummaryTask</task>
   			</permissions>
		</workgroup>
		<workgroup name="ProvisioningUpdateRole">
	   		
	 	
				<permissions>
			
 				<orderEntry>
        			<orderType>OsmCentralOMExampleOrder</orderType>
		     	   <orderSource>OsmCentralOMExampleOrder</orderSource>
				</orderEntry>
      			<task>ProvisioningFunctionTask</task>
      			<task>ProvisioningUpdateTask</task>
   			</permissions>
		</workgroup>
		<workgroup name="ProvisionRole">
	   		
	 	
				<permissions>
			
 				<orderEntry>
        			<orderType>OsmCentralOMExampleOrder</orderType>
		     	   <orderSource>OsmCentralOMExampleOrder</orderSource>
				</orderEntry>
      			<task>SICompletionTask</task>
      			<task>activationOrderAdslRegion1Task</task>
      			<task>activateOrderFixedTask</task>
      			<task>activationOrderAdslRegion2Task</task>
      			<task>ProvisioningFalloutTask</task>
 	 			<task executionModes="do redo">routeToProvisioningTask</task>
      			<task>ProvisioningFunctionTask</task>
      			<task>mobileOrderActivationTask</task>
   			</permissions>
		</workgroup>
        	<xi:include href="orderComponentSubProcess/BillingFunction_BillingSI.xml"/>
        	<xi:include href="orderComponentSubProcess/ProvisioningFunction_ProvisioningSI.xml"/>
        	<xi:include href="orderComponentSubProcess/CollectionsFunction_CollectionsSI.xml"/>
        	<xi:include href="orderComponentSubProcess/SyncCustomerFunction_CustomerSystemSI.xml"/>
        	<xi:include href="orderComponentSubProcess/MarketingFunction_MarketingSI.xml"/>
      <model:resource name="OsmCentralOMExample-Solution" namespace="OsmCentralOMExample-Solution">
         <model:description>resource files</model:description>
         <model:location>resources/resources.zip</model:location>
      </model:resource>
      <model:xmlCatalog name="OsmCentralOMExample-Solution" namespace="OsmCentralOMExample-Solution">
         <model:description>xml catalogs</model:description>
         <model:location>xmlCatalogs/catalogs.zip</model:location>
      </model:xmlCatalog>
         <xi:include href="manifest/OsmCentralOMExample-Solution.xml"/>           
</cartridge>


