<taskAutomator>
	<pluginJndiName>FalloutCompletionTask.fallout</pluginJndiName>
	<ejbName>FalloutCompletionTask.fallout</ejbName>
	<className>oracle.communications.ordermanagement.automation.plugin.XQuerySender</className>
	<runAs>omsadmin</runAs>          
	<cartridgeNamespace>@cartridgeNamespace@</cartridgeNamespace>
    <cartridgeVersion>@cartridgeVersion@</cartridgeVersion>    
	<receive xsi:type="am:InternalReceiver">
		<mnemonic>FalloutCompletionTask</mnemonic>
 		<executionModes>do</executionModes>
	</receive>	
	
	<implement xsi:type="am:XquerySender">
		<to>
			<jndiName>oracle/communications/ordermanagement/pip/ORPFalloutQueue</jndiName>
			<destinationType>javax.jms.Queue</destinationType>
		</to>
		<am:sendNullMessage>true</am:sendNullMessage>
		<am:script>
			<am:url>http://oracle.communications.ordermanagement.unsupported.centralom/base/xquery/fallout.xqy</am:url>
			<am:cache>
				<am:maxSize>50</am:maxSize>
				<am:timeout>15000</am:timeout>
			</am:cache>
		</am:script>
	</implement>    			
</taskAutomator>