<notificationAutomator>
	<ejbName>OsmCentralOMExampleOrder.order.osmcentralomexample-orchestration.orderFulfillmentStateUpdate</ejbName>
   	<className>oracle.communications.ordermanagement.automation.plugin.XQuerySender</className>
   	<runAs>omsadmin</runAs>       	
   <cartridgeNamespace>@cartridgeNamespace@</cartridgeNamespace>
    <cartridgeVersion>@cartridgeVersion@</cartridgeVersion>    
   	<receive xsi:type="am:InternalReceiver">
		<event xsi:type="SystemNotification">
			<mnemonic>OsmCentralOMExampleOrder_OrderFulfillmentStateUpdate</mnemonic>
		</event>			
	</receive>	
		<implement xsi:type="am:XquerySender">
		<to>
			<jndiName>oracle/communications/ordermanagement/unsupported/emulator/ExternalSystemEmulator_Customer_Status_Queue</jndiName>
			<destinationType>javax.jms.Queue</destinationType>
		</to>
		<replyTo>
			<jndiName>%{DEFAULT_RESPONSE_QUEUE}</jndiName>
			<destinationType>javax.jms.Queue</destinationType>
		</replyTo>
		<am:sendNullMessage>true</am:sendNullMessage>
		<am:script>
			<am:url>http://oracle.communications.ordermanagement.unsupported.centralom/base/xquery/updateOrderFulfillmentState.xqy</am:url>
			<am:cache>
				<am:maxSize>50</am:maxSize>
				<am:timeout>15000</am:timeout>
			</am:cache>
		</am:script>
	</implement>
</notificationAutomator>
<notificationAutomator>
	<ejbName>OsmCentralOMExampleOrder.OrderCompletionAutomator</ejbName>
	<className>oracle.communications.ordermanagement.automation.plugin.XQuerySender</className>
	<runAs>omsadmin</runAs>          
   <cartridgeNamespace>@cartridgeNamespace@</cartridgeNamespace>
    <cartridgeVersion>@cartridgeVersion@</cartridgeVersion>
	<receive xsi:type="am:InternalReceiver">
		<event xsi:type="OrderNotification">
			<orderSource>OsmCentralOMExampleOrder</orderSource>
			<orderType>OsmCentralOMExampleOrder</orderType>
			<milestone>completion</milestone>
			<notificationView>OsmCentralOMExampleQueryTask</notificationView>		
		</event>
	</receive>	
		<implement xsi:type="am:XquerySender">
		<to>
			<jndiName>oracle/communications/ordermanagement/unsupported/emulator/ExternalSystemEmulator_Customer_Status_Queue</jndiName>
			<destinationType>javax.jms.Queue</destinationType>
		</to>
		<am:sendNullMessage>true</am:sendNullMessage>
		<am:script>
			<am:url>http://oracle.communications.ordermanagement.unsupported.centralom/base/xquery/orderComplete.xqy</am:url>
			<am:cache>
				<am:maxSize>50</am:maxSize>
				<am:timeout>15000</am:timeout>
			</am:cache>
		</am:script>
	</implement>
</notificationAutomator>
