<automationMap xmlns="http://www.metasolv.com/OMS/AutomationMap/2001/11/23" xmlns:am="http://www.metasolv.com/OMS/AutomationMap/2001/11/23" xmlns:db="http://www.metasolv.com/Provisioning/database/DatabasePlugin/2006/02/28" xmlns:xsi="http://www.w3.org/2001/XMLSchema-instance" xsi:schemaLocation="http://www.metasolv.com/OMS/AutomationMap/2001/11/23 ./automationMap.xsd http://www.metasolv.com/Provisioning/database/DatabasePlugin/2006/02/28 ./databasePlugin.xsd ">
<taskAutomator>
	<pluginJndiName>FalloutCompletionTask.fallout</pluginJndiName>
	<ejbName>FalloutCompletionTask.fallout</ejbName>
	<className>oracle.communications.ordermanagement.automation.plugin.XQuerySender</className>
	<runAs>omsadmin</runAs>          
	<cartridgeNamespace>OsmCentralOMExample-Solution</cartridgeNamespace>
    <cartridgeVersion>1.0.0.0.0</cartridgeVersion>    
	<receive xsi:type="am:InternalReceiver">
		<mnemonic>FalloutCompletionTask</mnemonic>
 		<executionModes>do</executionModes>
	</receive>	
	
	<implement xsi:type="am:XquerySender">
		<to>
			<jndiName>oracle/communications/ordermanagement/pip/ORPFalloutQueue</jndiName>
			<destinationType>javax.jms.Queue</destinationType>
		</to>
		<am:sendNullMessage>true</am:sendNullMessage>
		<am:script>
			<am:url>http://oracle.communications.ordermanagement.unsupported.centralom/base/xquery/fallout.xqy</am:url>
			<am:cache>
				<am:maxSize>50</am:maxSize>
				<am:timeout>15000</am:timeout>
			</am:cache>
		</am:script>
	</implement>    			
</taskAutomator><taskAutomator>
	<pluginJndiName>Task.completion</pluginJndiName>
	<ejbName>Task.completion</ejbName>
	<className>oracle.communications.ordermanagement.automation.plugin.XQueryReceiver</className>
	<runAs>omsadmin</runAs>          
	<cartridgeNamespace>OsmCentralOMExample-Solution</cartridgeNamespace>
    <cartridgeVersion>1.0.0.0.0</cartridgeVersion>    
	<receive xsi:type="am:InternalReceiver">
		<mnemonic>SICompletionTask</mnemonic>
 		<executionModes>do undo redo</executionModes>
	</receive>	
	
	<implement xsi:type="am:XqueryAutomator">
		<am:script>
			<am:url>http://oracle.communications.ordermanagement.unsupported.centralom/provisioning/xquery/si_completion.xqy</am:url>
			<am:cache>
				<am:maxSize>50</am:maxSize>
				<am:timeout>15000</am:timeout>
			</am:cache>
		</am:script>
		<am:updateOrder>true</am:updateOrder>
	</implement>    			
</taskAutomator><taskAutomator>
	<pluginJndiName>activateOrderFixedTask.sender</pluginJndiName>
	<ejbName>activateOrderFixedTask.sender</ejbName>
	<className>oracle.communications.ordermanagement.automation.plugin.XQuerySender</className>
	<runAs>omsadmin</runAs>          
	<cartridgeNamespace>OsmCentralOMExample-Solution</cartridgeNamespace>
    <cartridgeVersion>1.0.0.0.0</cartridgeVersion>    
	<receive xsi:type="am:InternalReceiver">
		<mnemonic>activateOrderFixedTask</mnemonic>
 		<executionModes>do redo</executionModes>
	</receive>	
	
	<implement xsi:type="am:XquerySender">
		<to>
			<jndiName>oracle/communications/ordermanagement/unsupported/emulator/ExternalSystemEmulator_FixedProvisioning_Request_Queue</jndiName>
			<destinationType>javax.jms.Queue</destinationType>
		</to>
		<replyTo>
			<jndiName>oracle/communications/ordermanagement/unsupported/emulator/ExternalSystemEmulator_FixedProvisioning_Response_Queue</jndiName>
			<destinationType>javax.jms.Queue</destinationType>
		</replyTo>
		<am:sendNullMessage>true</am:sendNullMessage>
		<am:script>
			<am:url>http://oracle.communications.ordermanagement.unsupported.centralom/provisioning/xquery/fixedProvisioning/fixedProvisioning_request.xqy</am:url>
			<am:cache>
				<am:maxSize>50</am:maxSize>
				<am:timeout>15000</am:timeout>
			</am:cache>
		</am:script>
	</implement>    			
</taskAutomator><taskAutomator>
	<pluginJndiName>activateOrderFixedTask.receiver</pluginJndiName>
	<ejbName>activateOrderFixedTask.receiver</ejbName>
	<className>oracle.communications.ordermanagement.automation.plugin.XQueryReceiver</className>
	<runAs>omsadmin</runAs>          
	<cartridgeNamespace>OsmCentralOMExample-Solution</cartridgeNamespace>
    <cartridgeVersion>1.0.0.0.0</cartridgeVersion>    
	<receive xsi:type="am:ExternalReceiver">
		<jmsSource>
			<from>
				<jndiName>oracle/communications/ordermanagement/unsupported/emulator/ExternalSystemEmulator_FixedProvisioning_Response_Queue</jndiName>
				<destinationType>javax.jms.Queue</destinationType>				
			</from>			
		</jmsSource>	
		<correlation xsi:type="MessagePropertyCorrelation">
			<property>JMSCorrelationID</property>
		</correlation>	
	</receive>
	
	<implement xsi:type="am:XqueryAutomator">
		<am:script>
			<am:url>http://oracle.communications.ordermanagement.unsupported.centralom/provisioning/xquery/fixedProvisioning/fixedProvisioning_response.xqy</am:url>
			<am:cache>
				<am:maxSize>50</am:maxSize>
				<am:timeout>15000</am:timeout>
			</am:cache>
		</am:script>
		<am:updateOrder>true</am:updateOrder>
	</implement>    			
</taskAutomator><taskAutomator>
	<pluginJndiName>activateOrderFixedTask.cancelSender</pluginJndiName>
	<ejbName>activateOrderFixedTask.cancelSender</ejbName>
	<className>oracle.communications.ordermanagement.automation.plugin.XQuerySender</className>
	<runAs>omsadmin</runAs>          
	<cartridgeNamespace>OsmCentralOMExample-Solution</cartridgeNamespace>
    <cartridgeVersion>1.0.0.0.0</cartridgeVersion>    
	<receive xsi:type="am:InternalReceiver">
		<mnemonic>activateOrderFixedTask</mnemonic>
 		<executionModes>undo</executionModes>
	</receive>	
	
	<implement xsi:type="am:XquerySender">
		<to>
			<jndiName>oracle/communications/ordermanagement/unsupported/emulator/ExternalSystemEmulator_FixedProvisioning_Request_Queue</jndiName>
			<destinationType>javax.jms.Queue</destinationType>
		</to>
		<replyTo>
			<jndiName>oracle/communications/ordermanagement/unsupported/emulator/ExternalSystemEmulator_FixedProvisioning_Response_Queue</jndiName>
			<destinationType>javax.jms.Queue</destinationType>
		</replyTo>
		<am:sendNullMessage>true</am:sendNullMessage>
		<am:script>
			<am:url>http://oracle.communications.ordermanagement.unsupported.centralom/provisioning/xquery/fixedProvisioning/fixedProvisioning_cancel_request.xqy</am:url>
			<am:cache>
				<am:maxSize>50</am:maxSize>
				<am:timeout>15000</am:timeout>
			</am:cache>
		</am:script>
	</implement>    			
</taskAutomator><taskAutomator>
	<pluginJndiName>activationOrderAdslRegion1Task.adslRegion1Sender</pluginJndiName>
	<ejbName>activationOrderAdslRegion1Task.adslRegion1Sender</ejbName>
	<className>oracle.communications.ordermanagement.automation.plugin.XQuerySender</className>
	<runAs>omsadmin</runAs>          
	<cartridgeNamespace>OsmCentralOMExample-Solution</cartridgeNamespace>
    <cartridgeVersion>1.0.0.0.0</cartridgeVersion>    
	<receive xsi:type="am:InternalReceiver">
		<mnemonic>activationOrderAdslRegion1Task</mnemonic>
 		<executionModes>do redo</executionModes>
	</receive>	
	
	<implement xsi:type="am:XquerySender">
		<to>
			<jndiName>oracle/communications/ordermanagement/unsupported/emulator/ExternalSystemEmulator_DslProvisioningRegion1_Request_Queue</jndiName>
			<destinationType>javax.jms.Queue</destinationType>
		</to>
		<replyTo>
			<jndiName>oracle/communications/ordermanagement/unsupported/emulator/ExternalSystemEmulator_DslProvisioningRegion1_Response_Queue</jndiName>
			<destinationType>javax.jms.Queue</destinationType>
		</replyTo>
		<am:sendNullMessage>true</am:sendNullMessage>
		<am:script>
			<am:url>http://oracle.communications.ordermanagement.unsupported.centralom/provisioning/xquery/dslProvisioningRegion1/dslProvisioningRegion1_request.xqy</am:url>
			<am:cache>
				<am:maxSize>50</am:maxSize>
				<am:timeout>15000</am:timeout>
			</am:cache>
		</am:script>
	</implement>    			
</taskAutomator><taskAutomator>
	<pluginJndiName>activationOrderAdslRegion1Task.receiver</pluginJndiName>
	<ejbName>activationOrderAdslRegion1Task.receiver</ejbName>
	<className>oracle.communications.ordermanagement.automation.plugin.XQueryReceiver</className>
	<runAs>omsadmin</runAs>          
	<cartridgeNamespace>OsmCentralOMExample-Solution</cartridgeNamespace>
    <cartridgeVersion>1.0.0.0.0</cartridgeVersion>    
	<receive xsi:type="am:ExternalReceiver">
		<jmsSource>
			<from>
				<jndiName>oracle/communications/ordermanagement/unsupported/emulator/ExternalSystemEmulator_DslProvisioningRegion1_Response_Queue</jndiName>
				<destinationType>javax.jms.Queue</destinationType>				
			</from>			
		</jmsSource>	
		<correlation xsi:type="MessagePropertyCorrelation">
			<property>JMSCorrelationID</property>
		</correlation>	
	</receive>
	
	<implement xsi:type="am:XqueryAutomator">
		<am:script>
			<am:url>http://oracle.communications.ordermanagement.unsupported.centralom/provisioning/xquery/dslProvisioningRegion1/dslProvisioningRegion1_response.xqy</am:url>
			<am:cache>
				<am:maxSize>50</am:maxSize>
				<am:timeout>15000</am:timeout>
			</am:cache>
		</am:script>
		<am:updateOrder>true</am:updateOrder>
	</implement>    			
</taskAutomator><taskAutomator>
	<pluginJndiName>activationOrderAdslRegion1Task.adslRegion1CancelSender</pluginJndiName>
	<ejbName>activationOrderAdslRegion1Task.adslRegion1CancelSender</ejbName>
	<className>oracle.communications.ordermanagement.automation.plugin.XQuerySender</className>
	<runAs>omsadmin</runAs>          
	<cartridgeNamespace>OsmCentralOMExample-Solution</cartridgeNamespace>
    <cartridgeVersion>1.0.0.0.0</cartridgeVersion>    
	<receive xsi:type="am:InternalReceiver">
		<mnemonic>activationOrderAdslRegion1Task</mnemonic>
 		<executionModes>undo</executionModes>
	</receive>	
	
	<implement xsi:type="am:XquerySender">
		<to>
			<jndiName>oracle/communications/ordermanagement/unsupported/emulator/ExternalSystemEmulator_DslProvisioningRegion1_Request_Queue</jndiName>
			<destinationType>javax.jms.Queue</destinationType>
		</to>
		<replyTo>
			<jndiName>oracle/communications/ordermanagement/unsupported/emulator/ExternalSystemEmulator_DslProvisioningRegion1_Response_Queue</jndiName>
			<destinationType>javax.jms.Queue</destinationType>
		</replyTo>
		<am:sendNullMessage>true</am:sendNullMessage>
		<am:script>
			<am:url>http://oracle.communications.ordermanagement.unsupported.centralom/provisioning/xquery/dslProvisioningRegion1/dslProvisioningRegion1_cancel_request.xqy</am:url>
			<am:cache>
				<am:maxSize>50</am:maxSize>
				<am:timeout>15000</am:timeout>
			</am:cache>
		</am:script>
	</implement>    			
</taskAutomator><taskAutomator>
	<pluginJndiName>activationOrderAdslRegion2Task.sender</pluginJndiName>
	<ejbName>activationOrderAdslRegion2Task.sender</ejbName>
	<className>oracle.communications.ordermanagement.automation.plugin.XQuerySender</className>
	<runAs>omsadmin</runAs>          
	<cartridgeNamespace>OsmCentralOMExample-Solution</cartridgeNamespace>
    <cartridgeVersion>1.0.0.0.0</cartridgeVersion>    
	<receive xsi:type="am:InternalReceiver">
		<mnemonic>activationOrderAdslRegion2Task</mnemonic>
 		<executionModes>do redo</executionModes>
	</receive>	
	
	<implement xsi:type="am:XquerySender">
		<to>
			<jndiName>oracle/communications/ordermanagement/unsupported/emulator/ExternalSystemEmulator_DslProvisioningRegion2_Request_Queue</jndiName>
			<destinationType>javax.jms.Queue</destinationType>
		</to>
		<am:sendNullMessage>true</am:sendNullMessage>
		<am:script>
			<am:url>http://oracle.communications.ordermanagement.unsupported.centralom/provisioning/xquery/dslProvisioningRegion2/dslProvisioningRegion2_request.xqy</am:url>
			<am:cache>
				<am:maxSize>50</am:maxSize>
				<am:timeout>15000</am:timeout>
			</am:cache>
		</am:script>
	</implement>    			
</taskAutomator><taskAutomator>
	<pluginJndiName>activationOrderAdslRegion2Task.receiver</pluginJndiName>
	<ejbName>activationOrderAdslRegion2Task.receiver</ejbName>
	<className>oracle.communications.ordermanagement.automation.plugin.XQueryReceiver</className>
	<runAs>omsadmin</runAs>          
	<cartridgeNamespace>OsmCentralOMExample-Solution</cartridgeNamespace>
    <cartridgeVersion>1.0.0.0.0</cartridgeVersion>    
	<receive xsi:type="am:ExternalReceiver">
		<jmsSource>
			<from>
				<jndiName>oracle/communications/ordermanagement/unsupported/emulator/ExternalSystemEmulator_DslProvisioningRegion2_Response_Queue</jndiName>
				<destinationType>javax.jms.Queue</destinationType>				
			</from>			
		</jmsSource>	
		<correlation xsi:type="MessagePropertyCorrelation">
			<property>JMSCorrelationID</property>
		</correlation>	
	</receive>
	
	<implement xsi:type="am:XqueryAutomator">
		<am:script>
			<am:url>http://oracle.communications.ordermanagement.unsupported.centralom/provisioning/xquery/dslProvisioningRegion2/dslProvisioningRegion2_response.xqy</am:url>
			<am:cache>
				<am:maxSize>50</am:maxSize>
				<am:timeout>15000</am:timeout>
			</am:cache>
		</am:script>
		<am:updateOrder>true</am:updateOrder>
	</implement>    			
</taskAutomator><taskAutomator>
	<pluginJndiName>configureBillingTask.sender</pluginJndiName>
	<ejbName>configureBillingTask.sender</ejbName>
	<className>oracle.communications.ordermanagement.automation.plugin.XQuerySender</className>
	<runAs>omsadmin</runAs>          
	<cartridgeNamespace>OsmCentralOMExample-Solution</cartridgeNamespace>
    <cartridgeVersion>1.0.0.0.0</cartridgeVersion>    
	<receive xsi:type="am:InternalReceiver">
		<mnemonic>configureBillingTask</mnemonic>
 		<executionModes>do redo</executionModes>
	</receive>	
	
	<implement xsi:type="am:XquerySender">
		<to>
			<jndiName>oracle/communications/ordermanagement/unsupported/emulator/ExternalSystemEmulator_Billing_Request_Queue</jndiName>
			<destinationType>javax.jms.Queue</destinationType>
		</to>
		<replyTo>
			<jndiName>oracle/communications/ordermanagement/unsupported/emulator/ExternalSystemEmulator_Billing_Response_Queue</jndiName>
			<destinationType>javax.jms.Queue</destinationType>
		</replyTo>
		<am:sendNullMessage>true</am:sendNullMessage>
		<am:script>
			<am:url>http://oracle.communications.ordermanagement.unsupported.centralom/billing/xquery/billing_request.xqy</am:url>
			<am:cache>
				<am:maxSize>50</am:maxSize>
				<am:timeout>15000</am:timeout>
			</am:cache>
		</am:script>
	</implement>    			
</taskAutomator><taskAutomator>
	<pluginJndiName>configureBillingTask.receiver</pluginJndiName>
	<ejbName>configureBillingTask.receiver</ejbName>
	<className>oracle.communications.ordermanagement.automation.plugin.XQueryReceiver</className>
	<runAs>omsadmin</runAs>          
	<cartridgeNamespace>OsmCentralOMExample-Solution</cartridgeNamespace>
    <cartridgeVersion>1.0.0.0.0</cartridgeVersion>    
	<receive xsi:type="am:ExternalReceiver">
		<jmsSource>
			<from>
				<jndiName>oracle/communications/ordermanagement/unsupported/emulator/ExternalSystemEmulator_Billing_Response_Queue</jndiName>
				<destinationType>javax.jms.Queue</destinationType>				
			</from>			
		</jmsSource>	
		<correlation xsi:type="MessagePropertyCorrelation">
			<property>JMSCorrelationID</property>
		</correlation>	
	</receive>
	
	<implement xsi:type="am:XqueryAutomator">
		<am:script>
			<am:url>http://oracle.communications.ordermanagement.unsupported.centralom/billing/xquery/billing_response.xqy</am:url>
			<am:cache>
				<am:maxSize>50</am:maxSize>
				<am:timeout>15000</am:timeout>
			</am:cache>
		</am:script>
		<am:updateOrder>true</am:updateOrder>
	</implement>    			
</taskAutomator><taskAutomator>
	<pluginJndiName>configureBillingTask.cancel</pluginJndiName>
	<ejbName>configureBillingTask.cancel</ejbName>
	<className>oracle.communications.ordermanagement.automation.plugin.XQuerySender</className>
	<runAs>omsadmin</runAs>          
	<cartridgeNamespace>OsmCentralOMExample-Solution</cartridgeNamespace>
    <cartridgeVersion>1.0.0.0.0</cartridgeVersion>    
	<receive xsi:type="am:InternalReceiver">
		<mnemonic>configureBillingTask</mnemonic>
 		<executionModes>undo</executionModes>
	</receive>	
	
	<implement xsi:type="am:XquerySender">
		<to>
			<jndiName>oracle/communications/ordermanagement/unsupported/emulator/ExternalSystemEmulator_Billing_Request_Queue</jndiName>
			<destinationType>javax.jms.Queue</destinationType>
		</to>
		<replyTo>
			<jndiName>oracle/communications/ordermanagement/unsupported/emulator/ExternalSystemEmulator_Billing_Response_Queue</jndiName>
			<destinationType>javax.jms.Queue</destinationType>
		</replyTo>
		<am:sendNullMessage>true</am:sendNullMessage>
		<am:script>
			<am:url>http://oracle.communications.ordermanagement.unsupported.centralom/billing/xquery/billing_cancel_request.xqy</am:url>
			<am:cache>
				<am:maxSize>50</am:maxSize>
				<am:timeout>15000</am:timeout>
			</am:cache>
		</am:script>
	</implement>    			
</taskAutomator><taskAutomator>
	<pluginJndiName>icsTask.receiver</pluginJndiName>
	<ejbName>icsTask.receiver</ejbName>
	<className>oracle.communications.ordermanagement.automation.plugin.XQueryReceiver</className>
	<runAs>omsadmin</runAs>          
	<cartridgeNamespace>OsmCentralOMExample-Solution</cartridgeNamespace>
    <cartridgeVersion>1.0.0.0.0</cartridgeVersion>    
	<receive xsi:type="am:ExternalReceiver">
		<jmsSource>
			<from>
				<jndiName>oracle/communications/ordermanagement/unsupported/emulator/ExternalSystemEmulator_Collections_Response_Queue</jndiName>
				<destinationType>javax.jms.Queue</destinationType>				
			</from>			
		</jmsSource>	
		<correlation xsi:type="MessagePropertyCorrelation">
			<property>JMSCorrelationID</property>
		</correlation>	
	</receive>
	
	<implement xsi:type="am:XqueryAutomator">
		<am:script>
			<am:url>http://oracle.communications.ordermanagement.unsupported.centralom/collections/xquery/collections_response.xqy</am:url>
			<am:cache>
				<am:maxSize>50</am:maxSize>
				<am:timeout>15000</am:timeout>
			</am:cache>
		</am:script>
		<am:updateOrder>true</am:updateOrder>
	</implement>    			
</taskAutomator><taskAutomator>
	<pluginJndiName>icsTask.sender</pluginJndiName>
	<ejbName>icsTask.sender</ejbName>
	<className>oracle.communications.ordermanagement.automation.plugin.XQuerySender</className>
	<runAs>omsadmin</runAs>          
	<cartridgeNamespace>OsmCentralOMExample-Solution</cartridgeNamespace>
    <cartridgeVersion>1.0.0.0.0</cartridgeVersion>    
	<receive xsi:type="am:InternalReceiver">
		<mnemonic>configureCollectionsTask</mnemonic>
 		<executionModes>do redo</executionModes>
	</receive>	
	
	<implement xsi:type="am:XquerySender">
		<to>
			<jndiName>oracle/communications/ordermanagement/unsupported/emulator/ExternalSystemEmulator_Collections_Request_Queue</jndiName>
			<destinationType>javax.jms.Queue</destinationType>
		</to>
		<replyTo>
			<jndiName>oracle/communications/ordermanagement/unsupported/emulator/ExternalSystemEmulator_Collections_Response_Queue</jndiName>
			<destinationType>javax.jms.Queue</destinationType>
		</replyTo>
		<am:sendNullMessage>true</am:sendNullMessage>
		<am:script>
			<am:url>http://oracle.communications.ordermanagement.unsupported.centralom/collections/xquery/collections_request.xqy</am:url>
			<am:cache>
				<am:maxSize>50</am:maxSize>
				<am:timeout>15000</am:timeout>
			</am:cache>
		</am:script>
	</implement>    			
</taskAutomator><taskAutomator>
	<pluginJndiName>cdiTask.receiver</pluginJndiName>
	<ejbName>cdiTask.receiver</ejbName>
	<className>oracle.communications.ordermanagement.automation.plugin.XQueryReceiver</className>
	<runAs>omsadmin</runAs>          
	<cartridgeNamespace>OsmCentralOMExample-Solution</cartridgeNamespace>
    <cartridgeVersion>1.0.0.0.0</cartridgeVersion>    
	<receive xsi:type="am:ExternalReceiver">
		<jmsSource>
			<from>
				<jndiName>oracle/communications/ordermanagement/unsupported/emulator/ExternalSystemEmulator_Customer_Response_Queue</jndiName>
				<destinationType>javax.jms.Queue</destinationType>				
			</from>			
		</jmsSource>	
		<correlation xsi:type="MessagePropertyCorrelation">
			<property>JMSCorrelationID</property>
		</correlation>	
	</receive>
	
	<implement xsi:type="am:XqueryAutomator">
		<am:script>
			<am:url>http://oracle.communications.ordermanagement.unsupported.centralom/customer/xquery/customer_response.xqy</am:url>
			<am:cache>
				<am:maxSize>50</am:maxSize>
				<am:timeout>15000</am:timeout>
			</am:cache>
		</am:script>
		<am:updateOrder>true</am:updateOrder>
	</implement>    			
</taskAutomator><taskAutomator>
	<pluginJndiName>cdiTask.sender</pluginJndiName>
	<ejbName>cdiTask.sender</ejbName>
	<className>oracle.communications.ordermanagement.automation.plugin.XQuerySender</className>
	<runAs>omsadmin</runAs>          
	<cartridgeNamespace>OsmCentralOMExample-Solution</cartridgeNamespace>
    <cartridgeVersion>1.0.0.0.0</cartridgeVersion>    
	<receive xsi:type="am:InternalReceiver">
		<mnemonic>configureCustomerSystemTask</mnemonic>
 		<executionModes>do redo</executionModes>
	</receive>	
	
	<implement xsi:type="am:XquerySender">
		<to>
			<jndiName>oracle/communications/ordermanagement/unsupported/emulator/ExternalSystemEmulator_Customer_Request_Queue</jndiName>
			<destinationType>javax.jms.Queue</destinationType>
		</to>
		<replyTo>
			<jndiName>oracle/communications/ordermanagement/unsupported/emulator/ExternalSystemEmulator_Customer_Response_Queue</jndiName>
			<destinationType>javax.jms.Queue</destinationType>
		</replyTo>
		<am:sendNullMessage>true</am:sendNullMessage>
		<am:script>
			<am:url>http://oracle.communications.ordermanagement.unsupported.centralom/customer/xquery/customer_request.xqy</am:url>
			<am:cache>
				<am:maxSize>50</am:maxSize>
				<am:timeout>15000</am:timeout>
			</am:cache>
		</am:script>
	</implement>    			
</taskAutomator><taskAutomator>
	<pluginJndiName>bdmTask.sender</pluginJndiName>
	<ejbName>bdmTask.sender</ejbName>
	<className>oracle.communications.ordermanagement.automation.plugin.XQuerySender</className>
	<runAs>omsadmin</runAs>          
	<cartridgeNamespace>OsmCentralOMExample-Solution</cartridgeNamespace>
    <cartridgeVersion>1.0.0.0.0</cartridgeVersion>    
	<receive xsi:type="am:InternalReceiver">
		<mnemonic>configureMarketingTask</mnemonic>
 		<executionModes>do</executionModes>
	</receive>	
	
	<implement xsi:type="am:XquerySender">
		<to>
			<jndiName>oracle/communications/ordermanagement/unsupported/emulator/ExternalSystemEmulator_Marketing_Request_Queue</jndiName>
			<destinationType>javax.jms.Queue</destinationType>
		</to>
		<replyTo>
			<jndiName>oracle/communications/ordermanagement/unsupported/emulator/ExternalSystemEmulator_Marketing_Response_Queue</jndiName>
			<destinationType>javax.jms.Queue</destinationType>
		</replyTo>
		<am:sendNullMessage>true</am:sendNullMessage>
		<am:script>
			<am:url>http://oracle.communications.ordermanagement.unsupported.centralom/marketing/xquery/marketing_request.xqy</am:url>
			<am:cache>
				<am:maxSize>50</am:maxSize>
				<am:timeout>15000</am:timeout>
			</am:cache>
		</am:script>
	</implement>    			
</taskAutomator><taskAutomator>
	<pluginJndiName>bdmTask.receiver</pluginJndiName>
	<ejbName>bdmTask.receiver</ejbName>
	<className>oracle.communications.ordermanagement.automation.plugin.XQueryReceiver</className>
	<runAs>omsadmin</runAs>          
	<cartridgeNamespace>OsmCentralOMExample-Solution</cartridgeNamespace>
    <cartridgeVersion>1.0.0.0.0</cartridgeVersion>    
	<receive xsi:type="am:ExternalReceiver">
		<jmsSource>
			<from>
				<jndiName>oracle/communications/ordermanagement/unsupported/emulator/ExternalSystemEmulator_Marketing_Response_Queue</jndiName>
				<destinationType>javax.jms.Queue</destinationType>				
			</from>			
		</jmsSource>	
		<correlation xsi:type="MessagePropertyCorrelation">
			<property>JMSCorrelationID</property>
		</correlation>	
	</receive>
	
	<implement xsi:type="am:XqueryAutomator">
		<am:script>
			<am:url>http://oracle.communications.ordermanagement.unsupported.centralom/marketing/xquery/marketing_response.xqy</am:url>
			<am:cache>
				<am:maxSize>50</am:maxSize>
				<am:timeout>15000</am:timeout>
			</am:cache>
		</am:script>
		<am:updateOrder>true</am:updateOrder>
	</implement>    			
</taskAutomator><taskAutomator>
	<pluginJndiName>mobileOrderActivationTask.sender</pluginJndiName>
	<ejbName>mobileOrderActivationTask.sender</ejbName>
	<className>oracle.communications.ordermanagement.automation.plugin.XQuerySender</className>
	<runAs>omsadmin</runAs>          
	<cartridgeNamespace>OsmCentralOMExample-Solution</cartridgeNamespace>
    <cartridgeVersion>1.0.0.0.0</cartridgeVersion>    
	<receive xsi:type="am:InternalReceiver">
		<mnemonic>mobileOrderActivationTask</mnemonic>
 		<executionModes>do redo</executionModes>
	</receive>	
	
	<implement xsi:type="am:XquerySender">
		<to>
			<jndiName>oracle/communications/ordermanagement/unsupported/emulator/ExternalSystemEmulator_MobileProvisioning_Request_Queue</jndiName>
			<destinationType>javax.jms.Queue</destinationType>
		</to>
		<replyTo>
			<jndiName>oracle/communications/ordermanagement/unsupported/emulator/ExternalSystemEmulator_MobileProvisioning_Response_Queue</jndiName>
			<destinationType>javax.jms.Queue</destinationType>
		</replyTo>
		<am:sendNullMessage>true</am:sendNullMessage>
		<am:script>
			<am:url>http://oracle.communications.ordermanagement.unsupported.centralom/provisioning/xquery/mobileProvisioning/mobileProvisioning_request.xqy</am:url>
			<am:cache>
				<am:maxSize>50</am:maxSize>
				<am:timeout>15000</am:timeout>
			</am:cache>
		</am:script>
	</implement>    			
</taskAutomator><taskAutomator>
	<pluginJndiName>mobileOrderActivationTask.receiver</pluginJndiName>
	<ejbName>mobileOrderActivationTask.receiver</ejbName>
	<className>oracle.communications.ordermanagement.automation.plugin.XQueryReceiver</className>
	<runAs>omsadmin</runAs>          
	<cartridgeNamespace>OsmCentralOMExample-Solution</cartridgeNamespace>
    <cartridgeVersion>1.0.0.0.0</cartridgeVersion>    
	<receive xsi:type="am:ExternalReceiver">
		<jmsSource>
			<from>
				<jndiName>oracle/communications/ordermanagement/unsupported/emulator/ExternalSystemEmulator_MobileProvisioning_Response_Queue</jndiName>
				<destinationType>javax.jms.Queue</destinationType>				
			</from>			
		</jmsSource>	
		<correlation xsi:type="MessagePropertyCorrelation">
			<property>JMSCorrelationID</property>
		</correlation>	
	</receive>
	
	<implement xsi:type="am:XqueryAutomator">
		<am:script>
			<am:url>http://oracle.communications.ordermanagement.unsupported.centralom/provisioning/xquery/mobileProvisioning/mobileProvisioning_response.xqy</am:url>
			<am:cache>
				<am:maxSize>50</am:maxSize>
				<am:timeout>15000</am:timeout>
			</am:cache>
		</am:script>
		<am:updateOrder>true</am:updateOrder>
	</implement>    			
</taskAutomator><taskAutomator>
	<pluginJndiName>mobileOrderActivationTask.cancelSender</pluginJndiName>
	<ejbName>mobileOrderActivationTask.cancelSender</ejbName>
	<className>oracle.communications.ordermanagement.automation.plugin.XQuerySender</className>
	<runAs>omsadmin</runAs>          
	<cartridgeNamespace>OsmCentralOMExample-Solution</cartridgeNamespace>
    <cartridgeVersion>1.0.0.0.0</cartridgeVersion>    
	<receive xsi:type="am:InternalReceiver">
		<mnemonic>mobileOrderActivationTask</mnemonic>
 		<executionModes>undo</executionModes>
	</receive>	
	
	<implement xsi:type="am:XquerySender">
		<to>
			<jndiName>oracle/communications/ordermanagement/unsupported/emulator/ExternalSystemEmulator_MobileProvisioning_Request_Queue</jndiName>
			<destinationType>javax.jms.Queue</destinationType>
		</to>
		<replyTo>
			<jndiName>oracle/communications/ordermanagement/unsupported/emulator/ExternalSystemEmulator_MobileProvisioning_Response_Queue</jndiName>
			<destinationType>javax.jms.Queue</destinationType>
		</replyTo>
		<am:sendNullMessage>true</am:sendNullMessage>
		<am:script>
			<am:url>http://oracle.communications.ordermanagement.unsupported.centralom/provisioning/xquery/mobileProvisioning/mobileProvisioning_cancel_request.xqy</am:url>
			<am:cache>
				<am:maxSize>50</am:maxSize>
				<am:timeout>15000</am:timeout>
			</am:cache>
		</am:script>
	</implement>    			
</taskAutomator><taskAutomator>
	<pluginJndiName>routeToProvisioningTask.calc_prov_system</pluginJndiName>
	<ejbName>routeToProvisioningTask.calc_prov_system</ejbName>
	<className>oracle.communications.ordermanagement.automation.plugin.XQueryReceiver</className>
	<runAs>omsadmin</runAs>          
	<cartridgeNamespace>OsmCentralOMExample-Solution</cartridgeNamespace>
    <cartridgeVersion>1.0.0.0.0</cartridgeVersion>    
	<receive xsi:type="am:InternalReceiver">
		<mnemonic>routeToProvisioningTask</mnemonic>
 		<executionModes>do undo redo</executionModes>
	</receive>	
	
	<implement xsi:type="am:XqueryAutomator">
		<am:script>
			<am:url>http://oracle.communications.ordermanagement.unsupported.centralom/provisioning/xquery/prov_route.xqy</am:url>
			<am:cache>
				<am:maxSize>50</am:maxSize>
				<am:timeout>15000</am:timeout>
			</am:cache>
		</am:script>
		<am:updateOrder>false</am:updateOrder>
	</implement>    			
</taskAutomator>
<notificationAutomator>
	<ejbName>OsmCentralOMExampleOrder.order.osmcentralomexample-orchestration.orderFulfillmentStateUpdate</ejbName>
   	<className>oracle.communications.ordermanagement.automation.plugin.XQuerySender</className>
   	<runAs>omsadmin</runAs>       	
   <cartridgeNamespace>OsmCentralOMExample-Solution</cartridgeNamespace>
    <cartridgeVersion>1.0.0.0.0</cartridgeVersion>    
   	<receive xsi:type="am:InternalReceiver">
		<event xsi:type="SystemNotification">
			<mnemonic>OsmCentralOMExampleOrder_OrderFulfillmentStateUpdate</mnemonic>
		</event>			
	</receive>	
		<implement xsi:type="am:XquerySender">
		<to>
			<jndiName>oracle/communications/ordermanagement/unsupported/emulator/ExternalSystemEmulator_Customer_Status_Queue</jndiName>
			<destinationType>javax.jms.Queue</destinationType>
		</to>
		<replyTo>
			<jndiName>%{DEFAULT_RESPONSE_QUEUE}</jndiName>
			<destinationType>javax.jms.Queue</destinationType>
		</replyTo>
		<am:sendNullMessage>true</am:sendNullMessage>
		<am:script>
			<am:url>http://oracle.communications.ordermanagement.unsupported.centralom/base/xquery/updateOrderFulfillmentState.xqy</am:url>
			<am:cache>
				<am:maxSize>50</am:maxSize>
				<am:timeout>15000</am:timeout>
			</am:cache>
		</am:script>
	</implement>
</notificationAutomator>
<notificationAutomator>
	<ejbName>OsmCentralOMExampleOrder.OrderCompletionAutomator</ejbName>
	<className>oracle.communications.ordermanagement.automation.plugin.XQuerySender</className>
	<runAs>omsadmin</runAs>          
   <cartridgeNamespace>OsmCentralOMExample-Solution</cartridgeNamespace>
    <cartridgeVersion>1.0.0.0.0</cartridgeVersion>
	<receive xsi:type="am:InternalReceiver">
		<event xsi:type="OrderNotification">
			<orderSource>OsmCentralOMExampleOrder</orderSource>
			<orderType>OsmCentralOMExampleOrder</orderType>
			<milestone>completion</milestone>
			<notificationView>OsmCentralOMExampleQueryTask</notificationView>		
		</event>
	</receive>	
		<implement xsi:type="am:XquerySender">
		<to>
			<jndiName>oracle/communications/ordermanagement/unsupported/emulator/ExternalSystemEmulator_Customer_Status_Queue</jndiName>
			<destinationType>javax.jms.Queue</destinationType>
		</to>
		<am:sendNullMessage>true</am:sendNullMessage>
		<am:script>
			<am:url>http://oracle.communications.ordermanagement.unsupported.centralom/base/xquery/orderComplete.xqy</am:url>
			<am:cache>
				<am:maxSize>50</am:maxSize>
				<am:timeout>15000</am:timeout>
			</am:cache>
		</am:script>
	</implement>
</notificationAutomator>







</automationMap>