<_25:manifest xmlns:_25="http://www.metasolv.com/OMS/OrderModel/2002/06/25" xmlns:model="http://xmlns.oracle.com/communications/ordermanagement/model" name="OsmCentralOMExample-SyncCustomerFunction">
  <model:description>OsmCentralOMExample-SyncCustomerFunction</model:description>
  <_25:exportedEntity>
    <model:name>OsmCentralOMExample-SyncCustomerFunction</model:name>
    <model:namespace>urn:oracle:communications:ordermanagement:OsmCentralOMExample-SyncCustomerFunction:1.0.0.0.0</model:namespace>
  </_25:exportedEntity>
  <_25:exportedEntity>
    <model:name>SyncCustomerFunction</model:name>
    <model:namespace>http://oracle.communications.ordermanagement.unsupported.centralom</model:namespace>
  </_25:exportedEntity>
  <_25:exportedEntity>
    <model:name>CustomerSystemSI</model:name>
    <model:namespace>urn:oracle:communications:ordermanagement:OsmCentralOMExample-SyncCustomerFunction:1.0.0.0.0</model:namespace>
  </_25:exportedEntity>
  <_25:exportedEntity>
    <model:name>configureCustomerSystemTask</model:name>
    <model:namespace>urn:oracle:communications:ordermanagement:OsmCentralOMExample-SyncCustomerFunction:1.0.0.0.0</model:namespace>
  </_25:exportedEntity>
  <_25:exportedEntity>
    <model:name>SyncCustomerSummaryTask</model:name>
    <model:namespace>urn:oracle:communications:ordermanagement:OsmCentralOMExample-SyncCustomerFunction:1.0.0.0.0</model:namespace>
  </_25:exportedEntity>
  <_25:exportedEntity>
    <model:name>SyncCustomerBaseTask</model:name>
    <model:namespace>urn:oracle:communications:ordermanagement:OsmCentralOMExample-SyncCustomerFunction:1.0.0.0.0</model:namespace>
  </_25:exportedEntity>
  <_25:referencedEntity>
    <model:name>OracleComms_OSM_CommonDataDictionary</model:name>
    <model:namespace>urn:oracle:communications:ordermanagement:OsmCentralOMExample-SyncCustomerFunction:1.0.0.0.0</model:namespace>
  </_25:referencedEntity>
  <_25:referencedEntity>
    <model:name>OsmCentralOMExample-Orchestration</model:name>
    <model:namespace>urn:oracle:communications:ordermanagement:OsmCentralOMExample-SyncCustomerFunction:1.0.0.0.0</model:namespace>
  </_25:referencedEntity>
  <_25:referencedEntity>
    <model:name>OsmCentralOMExampleOrder</model:name>
    <model:namespace>urn:oracle:communications:ordermanagement:OsmCentralOMExample-SyncCustomerFunction:1.0.0.0.0</model:namespace>
  </_25:referencedEntity>
  <_25:referencedEntity>
    <model:name>Function</model:name>
    <model:namespace>http://oracle.communications.ordermanagement.unsupported.centralom</model:namespace>
  </_25:referencedEntity>
  <_25:referencedEntity>
    <model:name>BaseHeaderInfoTask</model:name>
    <model:namespace>urn:oracle:communications:ordermanagement:OsmCentralOMExample-SyncCustomerFunction:1.0.0.0.0</model:namespace>
  </_25:referencedEntity>
  <_25:referencedEntity>
    <model:name>OsmCentralOMExampleQueryTask</model:name>
    <model:namespace>urn:oracle:communications:ordermanagement:OsmCentralOMExample-SyncCustomerFunction:1.0.0.0.0</model:namespace>
  </_25:referencedEntity>
  <_25:referencedCartridge>
    <_25:namespace>OsmCentralOMExample-Orchestration</_25:namespace>
    <_25:version>1.0.0.0.0</_25:version>
  </_25:referencedCartridge>
</_25:manifest>