	
	
<orderStatePolicy name="DefaultLifecyclePolicy"  xsi:schemaLocation="http://www.metasolv.com/OMS/OrderModel/2002/06/25" xmlns:xsi="http://www.w3.org/2001/XMLSchema-instance" xmlns="http://www.metasolv.com/OMS/OrderModel/2002/06/25">	
	<description>DefaultLifecyclePolicy</description>
		<abortedOrderState>
			<deleteOrderTransaction>
				<condition>
					<conditionName>defaultCondition</conditionName>
					<expression>true()</expression>
				</condition>
				<permission>
					<condition>true()</condition>
					<workgroup>ProvisionRole</workgroup>
					<workgroup>SummaryRole</workgroup>
					<workgroup>DefaultRole</workgroup>
					<workgroup>ProvisioningUpdateRole</workgroup>
					<workgroup>automation</workgroup>
					<workgroup>BillingUpdateRole</workgroup>
				</permission>

			</deleteOrderTransaction>
			<updateOrderTransaction>			
				<condition>
					<conditionName>defaultCondition</conditionName>
					<expression>true()</expression>
				</condition>
				<permission>
					<condition>true()</condition>
					<workgroup>ProvisionRole</workgroup>
					<workgroup>SummaryRole</workgroup>
					<workgroup>DefaultRole</workgroup>
					<workgroup>ProvisioningUpdateRole</workgroup>
					<workgroup>automation</workgroup>
					<workgroup>BillingUpdateRole</workgroup>
				</permission>

			</updateOrderTransaction>
		</abortedOrderState>
		<amendingOrderState>
			<abortOrderTransaction>
				<condition>
					<conditionName>defaultCondition</conditionName>
					<expression>true()</expression>
				</condition>
				<permission>
					<condition>true()</condition>
					<workgroup>ProvisionRole</workgroup>
					<workgroup>SummaryRole</workgroup>
					<workgroup>DefaultRole</workgroup>
					<workgroup>ProvisioningUpdateRole</workgroup>
					<workgroup>automation</workgroup>
					<workgroup>BillingUpdateRole</workgroup>
				</permission>

			</abortOrderTransaction>				
			<submitAmendmentOrderTransaction>
				<condition>
					<conditionName>defaultCondition</conditionName>
					<expression>true()</expression>
				</condition>
				<permission>
					<condition>true()</condition>
					<workgroup>ProvisionRole</workgroup>
					<workgroup>SummaryRole</workgroup>
					<workgroup>DefaultRole</workgroup>
					<workgroup>ProvisioningUpdateRole</workgroup>
					<workgroup>automation</workgroup>
					<workgroup>BillingUpdateRole</workgroup>
				</permission>

			</submitAmendmentOrderTransaction>				
			<suspendOrderTransaction>
				<condition>
					<conditionName>defaultCondition</conditionName>
					<expression>true()</expression>
				</condition>
				<permission>
					<condition>true()</condition>
					<workgroup>ProvisionRole</workgroup>
					<workgroup>SummaryRole</workgroup>
					<workgroup>DefaultRole</workgroup>
					<workgroup>ProvisioningUpdateRole</workgroup>
					<workgroup>automation</workgroup>
					<workgroup>BillingUpdateRole</workgroup>
				</permission>
				<waitFor>
					<noTasksInProgressCondition/>
					<conditionNotSatisfiedEventInterval>P0DT1H0M0.000S</conditionNotSatisfiedEventInterval>
				</waitFor>

			</suspendOrderTransaction>
		</amendingOrderState>
		<cancelledOrderState>
			<abortOrderTransaction>
				<condition>
					<conditionName>defaultCondition</conditionName>
					<expression>true()</expression>
				</condition>
				<permission>
					<condition>true()</condition>
					<workgroup>ProvisionRole</workgroup>
					<workgroup>SummaryRole</workgroup>
					<workgroup>DefaultRole</workgroup>
					<workgroup>ProvisioningUpdateRole</workgroup>
					<workgroup>automation</workgroup>
					<workgroup>BillingUpdateRole</workgroup>
				</permission>

			</abortOrderTransaction>
			<deleteOrderTransaction>
				<condition>
					<conditionName>defaultCondition</conditionName>
					<expression>true()</expression>
				</condition>
				<permission>
					<condition>true()</condition>
					<workgroup>ProvisionRole</workgroup>
					<workgroup>SummaryRole</workgroup>
					<workgroup>DefaultRole</workgroup>
					<workgroup>ProvisioningUpdateRole</workgroup>
					<workgroup>automation</workgroup>
					<workgroup>BillingUpdateRole</workgroup>
				</permission>

			</deleteOrderTransaction>
			<resumeOrderTransaction>
				<condition>
					<conditionName>defaultCondition</conditionName>
					<expression>true()</expression>
				</condition>
				<permission>
					<condition>true()</condition>
					<workgroup>ProvisionRole</workgroup>
					<workgroup>SummaryRole</workgroup>
					<workgroup>DefaultRole</workgroup>
					<workgroup>ProvisioningUpdateRole</workgroup>
					<workgroup>automation</workgroup>
					<workgroup>BillingUpdateRole</workgroup>
				</permission>

			</resumeOrderTransaction>	
			<updateOrderTransaction>			
				<condition>
					<conditionName>defaultCondition</conditionName>
					<expression>true()</expression>
				</condition>
				<permission>
					<condition>true()</condition>
					<workgroup>ProvisionRole</workgroup>
					<workgroup>SummaryRole</workgroup>
					<workgroup>DefaultRole</workgroup>
					<workgroup>ProvisioningUpdateRole</workgroup>
					<workgroup>automation</workgroup>
					<workgroup>BillingUpdateRole</workgroup>
				</permission>

			</updateOrderTransaction>
		</cancelledOrderState>
		<cancellingOrderState>
			<abortOrderTransaction>
				<condition>
					<conditionName>defaultCondition</conditionName>
					<expression>true()</expression>
				</condition>
				<permission>
					<condition>true()</condition>
					<workgroup>ProvisionRole</workgroup>
					<workgroup>SummaryRole</workgroup>
					<workgroup>DefaultRole</workgroup>
					<workgroup>ProvisioningUpdateRole</workgroup>
					<workgroup>automation</workgroup>
					<workgroup>BillingUpdateRole</workgroup>
				</permission>

			</abortOrderTransaction>
			<suspendOrderTransaction>
				<condition>
					<conditionName>defaultCondition</conditionName>
					<expression>true()</expression>
				</condition>
				<permission>
					<condition>true()</condition>
					<workgroup>ProvisionRole</workgroup>
					<workgroup>SummaryRole</workgroup>
					<workgroup>DefaultRole</workgroup>
					<workgroup>ProvisioningUpdateRole</workgroup>
					<workgroup>automation</workgroup>
					<workgroup>BillingUpdateRole</workgroup>
				</permission>
				<waitFor>
					<noTasksInProgressCondition/>
					<conditionNotSatisfiedEventInterval>P0DT1H0M0.000S</conditionNotSatisfiedEventInterval>
				</waitFor>

			</suspendOrderTransaction>			
		</cancellingOrderState>
		<completedOrderState>
			<deleteOrderTransaction>
				<condition>
					<conditionName>defaultCondition</conditionName>
					<expression>true()</expression>
				</condition>
				<permission>
					<condition>true()</condition>
					<workgroup>ProvisionRole</workgroup>
					<workgroup>SummaryRole</workgroup>
					<workgroup>DefaultRole</workgroup>
					<workgroup>ProvisioningUpdateRole</workgroup>
					<workgroup>automation</workgroup>
					<workgroup>BillingUpdateRole</workgroup>
				</permission>

			</deleteOrderTransaction>
			<updateOrderTransaction>
				<condition>
					<conditionName>defaultCondition</conditionName>
					<expression>true()</expression>
				</condition>
				<permission>
					<condition>true()</condition>
					<workgroup>ProvisionRole</workgroup>
					<workgroup>SummaryRole</workgroup>
					<workgroup>DefaultRole</workgroup>
					<workgroup>ProvisioningUpdateRole</workgroup>
					<workgroup>automation</workgroup>
					<workgroup>BillingUpdateRole</workgroup>
				</permission>

			</updateOrderTransaction>
		</completedOrderState>
		<failedOrderState>
			<abortOrderTransaction>
				<condition>
					<conditionName>defaultCondition</conditionName>
					<expression>true()</expression>
				</condition>
				<permission>
					<condition>true()</condition>
					<workgroup>ProvisionRole</workgroup>
					<workgroup>SummaryRole</workgroup>
					<workgroup>DefaultRole</workgroup>
					<workgroup>ProvisioningUpdateRole</workgroup>
					<workgroup>automation</workgroup>
					<workgroup>BillingUpdateRole</workgroup>
				</permission>

			</abortOrderTransaction>
			<cancelOrderTransaction>
				<condition>
					<conditionName>defaultCondition</conditionName>
					<expression>true()</expression>
				</condition>
				<permission>
					<condition>true()</condition>
					<workgroup>ProvisionRole</workgroup>
					<workgroup>SummaryRole</workgroup>
					<workgroup>DefaultRole</workgroup>
					<workgroup>ProvisioningUpdateRole</workgroup>
					<workgroup>automation</workgroup>
					<workgroup>BillingUpdateRole</workgroup>
				</permission>
				<waitFor>
					<noTasksInProgressCondition/>
					<conditionNotSatisfiedEventInterval>P0DT1H0M0.000S</conditionNotSatisfiedEventInterval>
				</waitFor>

			</cancelOrderTransaction>								
			<manageOrderFalloutTransaction>
				<condition>
					<conditionName>defaultCondition</conditionName>
					<expression>true()</expression>
				</condition>
				<permission>
					<condition>true()</condition>
					<workgroup>ProvisionRole</workgroup>
					<workgroup>SummaryRole</workgroup>
					<workgroup>DefaultRole</workgroup>
					<workgroup>ProvisioningUpdateRole</workgroup>
					<workgroup>automation</workgroup>
					<workgroup>BillingUpdateRole</workgroup>
				</permission>

			</manageOrderFalloutTransaction>								
			<submitAmendmentOrderTransaction>
				<condition>
					<conditionName>defaultCondition</conditionName>
					<expression>true()</expression>
				</condition>
				<permission>
					<condition>true()</condition>
					<workgroup>ProvisionRole</workgroup>
					<workgroup>SummaryRole</workgroup>
					<workgroup>DefaultRole</workgroup>
					<workgroup>ProvisioningUpdateRole</workgroup>
					<workgroup>automation</workgroup>
					<workgroup>BillingUpdateRole</workgroup>
				</permission>

			</submitAmendmentOrderTransaction>				
			<updateOrderTransaction>
				<condition>
					<conditionName>defaultCondition</conditionName>
					<expression>true()</expression>
				</condition>
				<permission>
					<condition>true()</condition>
					<workgroup>ProvisionRole</workgroup>
					<workgroup>SummaryRole</workgroup>
					<workgroup>DefaultRole</workgroup>
					<workgroup>ProvisioningUpdateRole</workgroup>
					<workgroup>automation</workgroup>
					<workgroup>BillingUpdateRole</workgroup>
				</permission>

			</updateOrderTransaction>				
		</failedOrderState>
		<inProgressState>
			<abortOrderTransaction>
				<condition>
					<conditionName>defaultCondition</conditionName>
					<expression>true()</expression>
				</condition>
				<permission>
					<condition>true()</condition>
					<workgroup>ProvisionRole</workgroup>
					<workgroup>SummaryRole</workgroup>
					<workgroup>DefaultRole</workgroup>
					<workgroup>ProvisioningUpdateRole</workgroup>
					<workgroup>automation</workgroup>
					<workgroup>BillingUpdateRole</workgroup>
				</permission>

			</abortOrderTransaction>
			<cancelOrderTransaction>
				<condition>
					<conditionName>defaultCondition</conditionName>
					<expression>true()</expression>
				</condition>
				<permission>
					<condition>true()</condition>
					<workgroup>ProvisionRole</workgroup>
					<workgroup>SummaryRole</workgroup>
					<workgroup>DefaultRole</workgroup>
					<workgroup>ProvisioningUpdateRole</workgroup>
					<workgroup>automation</workgroup>
					<workgroup>BillingUpdateRole</workgroup>
				</permission>
				<waitFor>
					<noTasksInProgressCondition/>
					<conditionNotSatisfiedEventInterval>P0DT1H0M0.000S</conditionNotSatisfiedEventInterval>
				</waitFor>

			</cancelOrderTransaction>								
			<failOrderTransaction>
				<condition>
					<conditionName>defaultCondition</conditionName>
					<expression>true()</expression>
				</condition>
				<permission>
					<condition>true()</condition>
					<workgroup>ProvisionRole</workgroup>
					<workgroup>SummaryRole</workgroup>
					<workgroup>DefaultRole</workgroup>
					<workgroup>ProvisioningUpdateRole</workgroup>
					<workgroup>automation</workgroup>
					<workgroup>BillingUpdateRole</workgroup>
				</permission>
				<waitFor>
					<noTasksInProgressCondition/>
					<conditionNotSatisfiedEventInterval>P0DT1H0M0.000S</conditionNotSatisfiedEventInterval>
				</waitFor>

			</failOrderTransaction>
			<processAmendmentOrderTransaction>
				<condition>
					<conditionName>defaultCondition</conditionName>
					<expression>true()</expression>
				</condition>
				<permission>
					<condition>true()</condition>
					<workgroup>ProvisionRole</workgroup>
					<workgroup>SummaryRole</workgroup>
					<workgroup>DefaultRole</workgroup>
					<workgroup>ProvisioningUpdateRole</workgroup>
					<workgroup>automation</workgroup>
					<workgroup>BillingUpdateRole</workgroup>
				</permission>
				<waitFor>
					<noTasksInProgressCondition/>
					<conditionNotSatisfiedEventInterval>P0DT1H0M0.000S</conditionNotSatisfiedEventInterval>
				</waitFor>

			</processAmendmentOrderTransaction>								
			<raiseExceptionTransaction>
				<condition>
					<conditionName>defaultCondition</conditionName>
					<expression>true()</expression>
				</condition>
				<permission>
					<condition>true()</condition>
					<workgroup>ProvisionRole</workgroup>
					<workgroup>SummaryRole</workgroup>
					<workgroup>DefaultRole</workgroup>
					<workgroup>ProvisioningUpdateRole</workgroup>
					<workgroup>automation</workgroup>
					<workgroup>BillingUpdateRole</workgroup>
				</permission>
				<waitFor>
					<noTasksInProgressCondition/>
					<conditionNotSatisfiedEventInterval>P0DT1H0M0.000S</conditionNotSatisfiedEventInterval>
				</waitFor>

			</raiseExceptionTransaction>				
			<submitAmendmentOrderTransaction>
				<condition>
					<conditionName>ValidRevisionCondition</conditionName>
					<expression><![CDATA[
let $dataChanges := fn:root(.)/GetOrder.Response/RevisionPerspective/Changes/*[@significant='true']
return
    if (fn:exists($dataChanges))
    then true()
    else false()


]]></expression>
					<errorMessage>False Revision detected. There is no change in Significant data</errorMessage>
					<errorSeverity>ERROR</errorSeverity>
				</condition>
				<condition>
					<conditionName>HardPONRCondition</conditionName>
					<expression><![CDATA[
declare variable $PONR_NOT_YET := "NOT YET";

(:
 : Function for Hard Point Of No Return (PONR), return = true means no PONR has been reached or raise an error is PONR has been reached
 :)
declare function local:allowRevision(
    $taskData as element()) as xs:boolean
{    
    let $rootData := $taskData/_root
    let $changes := $taskData/RevisionPerspective/Changes
    return
        if (fn:exists($rootData) and fn:exists($changes))
        then
        (
            let $changedOrderItems as element()* := local:getChangedOrderItems($rootData, $changes)
            let $revisionOrderItemsPastHardPONR as xs:string* :=
                for $orderItem in $changedOrderItems
                    return local:getOrderItemsPastHardPONR($orderItem)
            
            return fn:not(fn:exists($revisionOrderItemsPastHardPONR))
        )
        else fn:true()
};

declare function local:getChangedOrderItems(
    $root as element(), 
    $changes as element()) as element()*
{
    let $indices := local:getOrderItemIndicesForChecking($changes)
    let $distinctIndicies := fn:distinct-values($indices)
    for $index in $distinctIndicies
        return local:getOrderItem($root, $index)
};

declare function local:getOrderItemIndicesForChecking(
    $changes as element()) as xs:string*
{
    for $change in $changes/*[@significant = "true"]
        return local:getOrderItemIndex($change)
};

declare function local:getOrderItemIndex(
    $changeNode as element()) as xs:string*
{
    let $changeType := local-name($changeNode)
    let $tokens := fn:tokenize($changeNode/@path, "/")
    let $t1 := $tokens[position() = 2]
    let $t2 := $tokens[position() = 3]
    let $t3 := $tokens[position() = 4]
    let $t4 := $tokens[position() = 5]
    return 
        if (fn:starts-with($t1, "ControlData") and fn:starts-with($t2, "Functions")) then
            (: /ControlData/Functions/*Function/orderItem/... :)
            local:getOrderItemIndexInFunction(
                fn:root($changeNode)/GetOrder.Response/_root,
                fn:substring-before(fn:substring-after($t2,"'"), "'"), (: Functions/@index, if exists :) 
                fn:substring-before(fn:substring-after($t3,"'"), "'"), (: e.g. SyncCustomerFunction/@index :)
                fn:substring-before(fn:substring-after($t4,"'"), "'")) (: e.g. orderItem/@index :)
        else
                ""           
};

declare function local:getOrderItemIndexInFunction(
    $root as element(),
    $functionsIndex as xs:string,
    $functionIndex as xs:string,
    $orderItemIndex as xs:string) as xs:string*
{
    if (fn:boolean($functionsIndex)) then 
        $root/ControlData/Functions[@index = $functionsIndex]/*[@index = $functionIndex]/orderItem[@index = $orderItemIndex]/orderItemRef/@referencedIndex
    else
        $root/ControlData/Functions/*[@index = $functionIndex]/orderItem[@index = $orderItemIndex]/orderItemRef/@referencedIndex    
};

declare function local:getOrderItem(
    $root as element(), 
    $orderItemIndex as xs:string) as element()*
{
    $root/ControlData/OrderItem[@index = $orderItemIndex]    
};

declare function local:getOrderItemsPastHardPONR(
    $orderItem as element()) as xs:string*
{
    let $lineId as xs:string := local:getLineId($orderItem)
    let $pointOfNoReturn as xs:string := local:getPointOfNoReturn($orderItem)
    let $isHardPONRReached := if ($pointOfNoReturn = "HARD") 
                                                          then true() 
                                                          else false()
    return
        if ($isHardPONRReached)
        then $lineId
        else ()
};

declare function local:getLineId(
    $orderItem as element()) as xs:string
{
    fn:normalize-space($orderItem/LineID/text())
};

declare function local:getPointOfNoReturn(
    $orderItem as element()) as xs:string
{
    let $ponrData := fn:normalize-space($orderItem/PointOfNoReturn/text())
    let $ponrCode :=
        if (fn:empty($ponrData))  
        then $PONR_NOT_YET
        else
        (
            let $lastPonrValue := fn:normalize-space($orderItem/PointOfNoReturn[last()]/text())
            return
                (: We are looking for strings with either [xxxx]xxxx or xxxx format. Return what is in the [] or the whole string if no brackets. :)
                let $hard1 := fn:tokenize($lastPonrValue, "\[|\]") return fn:concat( $hard1[1] , $hard1[2] )
        )
    return
        $ponrCode                    
};

(:
 : Function for detecting false revision order
 : return = true means there are significant data changes in the revision order
 :)
declare function local:doSignificantChangesExist(
    $taskData as element()) as xs:boolean
{    
    let $dataChanges := $taskData/RevisionPerspective/Changes/*[@significant='true']
    return
        if (fn:exists($dataChanges))
        then true()
        else false()
};

(: Only for valid revision do the complex calculation.:)
let $taskData := fn:root(.)/GetOrder.Response
let $isValidRevision := local:doSignificantChangesExist($taskData)
return if ($isValidRevision) 
then
    local:allowRevision($taskData)
else
    fn:true()
]]></expression>
					<errorMessage>Order Past Point of No Return. Revision cannot be submitted</errorMessage>
					<errorSeverity>ERROR</errorSeverity>
				</condition>
				<permission>
					<condition>true()</condition>
					<workgroup>ProvisionRole</workgroup>
					<workgroup>SummaryRole</workgroup>
					<workgroup>DefaultRole</workgroup>
					<workgroup>ProvisioningUpdateRole</workgroup>
					<workgroup>automation</workgroup>
					<workgroup>BillingUpdateRole</workgroup>
				</permission>

			</submitAmendmentOrderTransaction>				
			<suspendOrderTransaction>
				<condition>
					<conditionName>defaultCondition</conditionName>
					<expression>true()</expression>
				</condition>
				<permission>
					<condition>true()</condition>
					<workgroup>ProvisionRole</workgroup>
					<workgroup>SummaryRole</workgroup>
					<workgroup>DefaultRole</workgroup>
					<workgroup>ProvisioningUpdateRole</workgroup>
					<workgroup>automation</workgroup>
					<workgroup>BillingUpdateRole</workgroup>
				</permission>
				<waitFor>
					<noTasksInProgressCondition/>
					<conditionNotSatisfiedEventInterval>P0DT1H0M0.000S</conditionNotSatisfiedEventInterval>
				</waitFor>

			</suspendOrderTransaction>
			<updateOrderTransaction>
				<condition>
					<conditionName>defaultCondition</conditionName>
					<expression>true()</expression>
				</condition>
				<permission>
					<condition>true()</condition>
					<workgroup>ProvisionRole</workgroup>
					<workgroup>SummaryRole</workgroup>
					<workgroup>DefaultRole</workgroup>
					<workgroup>ProvisioningUpdateRole</workgroup>
					<workgroup>automation</workgroup>
					<workgroup>BillingUpdateRole</workgroup>
				</permission>

			</updateOrderTransaction>				
		</inProgressState>	
		<notStartedOrderState>
			<abortOrderTransaction>
				<condition>
					<conditionName>defaultCondition</conditionName>
					<expression>true()</expression>
				</condition>
				<permission>
					<condition>true()</condition>
					<workgroup>ProvisionRole</workgroup>
					<workgroup>SummaryRole</workgroup>
					<workgroup>DefaultRole</workgroup>
					<workgroup>ProvisioningUpdateRole</workgroup>
					<workgroup>automation</workgroup>
					<workgroup>BillingUpdateRole</workgroup>
				</permission>

			</abortOrderTransaction>
			<deleteOrderTransaction>
				<condition>
					<conditionName>defaultCondition</conditionName>
					<expression>true()</expression>
				</condition>
				<permission>
					<condition>true()</condition>
					<workgroup>ProvisionRole</workgroup>
					<workgroup>SummaryRole</workgroup>
					<workgroup>DefaultRole</workgroup>
					<workgroup>ProvisioningUpdateRole</workgroup>
					<workgroup>automation</workgroup>
					<workgroup>BillingUpdateRole</workgroup>
				</permission>

			</deleteOrderTransaction>	
			<failOrderTransaction>
				<condition>
					<conditionName>defaultCondition</conditionName>
					<expression>true()</expression>
				</condition>
				<permission>
					<condition>true()</condition>
					<workgroup>ProvisionRole</workgroup>
					<workgroup>SummaryRole</workgroup>
					<workgroup>DefaultRole</workgroup>
					<workgroup>ProvisioningUpdateRole</workgroup>
					<workgroup>automation</workgroup>
					<workgroup>BillingUpdateRole</workgroup>
				</permission>
				<waitFor>
					<noTasksInProgressCondition/>
					<conditionNotSatisfiedEventInterval>P0DT1H0M0.000S</conditionNotSatisfiedEventInterval>
				</waitFor>

			</failOrderTransaction>
			<suspendOrderTransaction>
				<condition>
					<conditionName>defaultCondition</conditionName>
					<expression>true()</expression>
				</condition>
				<permission>
					<condition>true()</condition>
					<workgroup>ProvisionRole</workgroup>
					<workgroup>SummaryRole</workgroup>
					<workgroup>DefaultRole</workgroup>
					<workgroup>ProvisioningUpdateRole</workgroup>
					<workgroup>automation</workgroup>
					<workgroup>BillingUpdateRole</workgroup>
				</permission>
				<waitFor>
					<noTasksInProgressCondition/>
					<conditionNotSatisfiedEventInterval>P0DT1H0M0.000S</conditionNotSatisfiedEventInterval>
				</waitFor>

			</suspendOrderTransaction>	
			<updateOrderTransaction>
				<condition>
					<conditionName>defaultCondition</conditionName>
					<expression>true()</expression>
				</condition>
				<permission>
					<condition>true()</condition>
					<workgroup>ProvisionRole</workgroup>
					<workgroup>SummaryRole</workgroup>
					<workgroup>DefaultRole</workgroup>
					<workgroup>ProvisioningUpdateRole</workgroup>
					<workgroup>automation</workgroup>
					<workgroup>BillingUpdateRole</workgroup>
				</permission>

			</updateOrderTransaction>	
		</notStartedOrderState>
		<suspendedOrderState>
			<abortOrderTransaction>
				<condition>
					<conditionName>defaultCondition</conditionName>
					<expression>true()</expression>
				</condition>
				<permission>
					<condition>true()</condition>
					<workgroup>ProvisionRole</workgroup>
					<workgroup>SummaryRole</workgroup>
					<workgroup>DefaultRole</workgroup>
					<workgroup>ProvisioningUpdateRole</workgroup>
					<workgroup>automation</workgroup>
					<workgroup>BillingUpdateRole</workgroup>
				</permission>

			</abortOrderTransaction>
			<cancelOrderTransaction>
				<condition>
					<conditionName>defaultCondition</conditionName>
					<expression>true()</expression>
				</condition>
				<permission>
					<condition>true()</condition>
					<workgroup>ProvisionRole</workgroup>
					<workgroup>SummaryRole</workgroup>
					<workgroup>DefaultRole</workgroup>
					<workgroup>ProvisioningUpdateRole</workgroup>
					<workgroup>automation</workgroup>
					<workgroup>BillingUpdateRole</workgroup>
				</permission>
				<waitFor>
					<noTasksInProgressCondition/>
					<conditionNotSatisfiedEventInterval>P0DT1H0M0.000S</conditionNotSatisfiedEventInterval>
				</waitFor>

			</cancelOrderTransaction>
			<failOrderTransaction>
				<condition>
					<conditionName>defaultCondition</conditionName>
					<expression>true()</expression>
				</condition>
				<permission>
					<condition>true()</condition>
					<workgroup>ProvisionRole</workgroup>
					<workgroup>SummaryRole</workgroup>
					<workgroup>DefaultRole</workgroup>
					<workgroup>ProvisioningUpdateRole</workgroup>
					<workgroup>automation</workgroup>
					<workgroup>BillingUpdateRole</workgroup>
				</permission>
				<waitFor>
					<noTasksInProgressCondition/>
					<conditionNotSatisfiedEventInterval>P0DT1H0M0.000S</conditionNotSatisfiedEventInterval>
				</waitFor>

			</failOrderTransaction>
			<resumeOrderTransaction>
				<condition>
					<conditionName>defaultCondition</conditionName>
					<expression>true()</expression>
				</condition>
				<permission>
					<condition>true()</condition>
					<workgroup>ProvisionRole</workgroup>
					<workgroup>SummaryRole</workgroup>
					<workgroup>DefaultRole</workgroup>
					<workgroup>ProvisioningUpdateRole</workgroup>
					<workgroup>automation</workgroup>
					<workgroup>BillingUpdateRole</workgroup>
				</permission>

			</resumeOrderTransaction>	
			<submitAmendmentOrderTransaction>
				<condition>
					<conditionName>defaultCondition</conditionName>
					<expression>true()</expression>
				</condition>
				<permission>
					<condition>true()</condition>
					<workgroup>ProvisionRole</workgroup>
					<workgroup>SummaryRole</workgroup>
					<workgroup>DefaultRole</workgroup>
					<workgroup>ProvisioningUpdateRole</workgroup>
					<workgroup>automation</workgroup>
					<workgroup>BillingUpdateRole</workgroup>
				</permission>

			</submitAmendmentOrderTransaction>
			<updateOrderTransaction>
				<condition>
					<conditionName>defaultCondition</conditionName>
					<expression>true()</expression>
				</condition>
				<permission>
					<condition>true()</condition>
					<workgroup>ProvisionRole</workgroup>
					<workgroup>SummaryRole</workgroup>
					<workgroup>DefaultRole</workgroup>
					<workgroup>ProvisioningUpdateRole</workgroup>
					<workgroup>automation</workgroup>
					<workgroup>BillingUpdateRole</workgroup>
				</permission>

			</updateOrderTransaction>
		</suspendedOrderState>
		<waitingForRevisionOrderState>
			<abortOrderTransaction>
				<condition>
					<conditionName>defaultCondition</conditionName>
					<expression>true()</expression>
				</condition>
				<permission>
					<condition>true()</condition>
					<workgroup>ProvisionRole</workgroup>
					<workgroup>SummaryRole</workgroup>
					<workgroup>DefaultRole</workgroup>
					<workgroup>ProvisioningUpdateRole</workgroup>
					<workgroup>automation</workgroup>
					<workgroup>BillingUpdateRole</workgroup>
				</permission>

			</abortOrderTransaction>
			<cancelOrderTransaction>
				<condition>
					<conditionName>defaultCondition</conditionName>
					<expression>true()</expression>
				</condition>
				<permission>
					<condition>true()</condition>
					<workgroup>ProvisionRole</workgroup>
					<workgroup>SummaryRole</workgroup>
					<workgroup>DefaultRole</workgroup>
					<workgroup>ProvisioningUpdateRole</workgroup>
					<workgroup>automation</workgroup>
					<workgroup>BillingUpdateRole</workgroup>
				</permission>
				<waitFor>
					<noTasksInProgressCondition/>
					<conditionNotSatisfiedEventInterval>P0DT1H0M0.000S</conditionNotSatisfiedEventInterval>
				</waitFor>

			</cancelOrderTransaction>
			<failOrderTransaction>
				<condition>
					<conditionName>defaultCondition</conditionName>
					<expression>true()</expression>
				</condition>
				<permission>
					<condition>true()</condition>
					<workgroup>ProvisionRole</workgroup>
					<workgroup>SummaryRole</workgroup>
					<workgroup>DefaultRole</workgroup>
					<workgroup>ProvisioningUpdateRole</workgroup>
					<workgroup>automation</workgroup>
					<workgroup>BillingUpdateRole</workgroup>
				</permission>
				<waitFor>
					<noTasksInProgressCondition/>
					<conditionNotSatisfiedEventInterval>P0DT1H0M0.000S</conditionNotSatisfiedEventInterval>
				</waitFor>

			</failOrderTransaction>
			<resumeOrderTransaction>
				<condition>
					<conditionName>defaultCondition</conditionName>
					<expression>true()</expression>
				</condition>
				<permission>
					<condition>true()</condition>
					<workgroup>ProvisionRole</workgroup>
					<workgroup>SummaryRole</workgroup>
					<workgroup>DefaultRole</workgroup>
					<workgroup>ProvisioningUpdateRole</workgroup>
					<workgroup>automation</workgroup>
					<workgroup>BillingUpdateRole</workgroup>
				</permission>

			</resumeOrderTransaction>	
			<submitAmendmentOrderTransaction>
				<condition>
					<conditionName>defaultCondition</conditionName>
					<expression>true()</expression>
				</condition>
				<permission>
					<condition>true()</condition>
					<workgroup>ProvisionRole</workgroup>
					<workgroup>SummaryRole</workgroup>
					<workgroup>DefaultRole</workgroup>
					<workgroup>ProvisioningUpdateRole</workgroup>
					<workgroup>automation</workgroup>
					<workgroup>BillingUpdateRole</workgroup>
				</permission>

			</submitAmendmentOrderTransaction>
			<updateOrderTransaction>
				<condition>
					<conditionName>defaultCondition</conditionName>
					<expression>true()</expression>
				</condition>
				<permission>
					<condition>true()</condition>
					<workgroup>ProvisionRole</workgroup>
					<workgroup>SummaryRole</workgroup>
					<workgroup>DefaultRole</workgroup>
					<workgroup>ProvisioningUpdateRole</workgroup>
					<workgroup>automation</workgroup>
					<workgroup>BillingUpdateRole</workgroup>
				</permission>

			</updateOrderTransaction>
		</waitingForRevisionOrderState>
</orderStatePolicy>