<model:orderComponentSpec xmlns:model="http://xmlns.oracle.com/communications/ordermanagement/model" name="ProvisioningFunction" namespace="http://oracle.communications.ordermanagement.unsupported.centralom">
  <model:description>ProvisioningFunction</model:description>
  <model:extends>
    <model:name>Function</model:name>
    <model:namespace>http://oracle.communications.ordermanagement.unsupported.centralom</model:namespace>
  </model:extends>
  <model:executedByTask>
    <model:name>ProvisioningFunction_ProvisioningSI</model:name>
    <model:namespace>default</model:namespace>
  </model:executedByTask>
  <model:isExecutable>false</model:isExecutable>
  <model:summaryView>
    <model:view>
      <model:name>ProvisionSummaryTask</model:name>
      <model:namespace>urn:oracle:communications:ordermanagement:OsmCentralOMExample-Orchestration:1.0.0.0.0</model:namespace>
    </model:view>
    <model:workgroup>
      <model:name>ProvisionRole</model:name>
      <model:namespace>urn:oracle:communications:ordermanagement:OsmCentralOMExample-Orchestration:1.0.0.0.0</model:namespace>
    </model:workgroup>
  </model:summaryView>
  <model:detailView>
    <model:view>
      <model:name>OsmCentralOMExampleQueryTask</model:name>
      <model:namespace>urn:oracle:communications:ordermanagement:OsmCentralOMExample-Orchestration:1.0.0.0.0</model:namespace>
    </model:view>
    <model:workgroup>
      <model:name>DefaultRole</model:name>
      <model:namespace>urn:oracle:communications:ordermanagement:OsmCentralOMExample-Orchestration:1.0.0.0.0</model:namespace>
    </model:workgroup>
  </model:detailView>
  <model:externalFulfillmentState name="Provisioning_Started">
    <model:description>Provisioning Started</model:description>
  </model:externalFulfillmentState>
  <model:externalFulfillmentState name="Provisioning_Completed">
    <model:description>Provisioning Completed</model:description>
  </model:externalFulfillmentState>
  <model:externalFulfillmentState name="Provisioning_Cancelled">
    <model:description>Provisioning Cancelled</model:description>
  </model:externalFulfillmentState>
  <model:externalFulfillmentState name="Provisioning_Failed">
    <model:description>Provisioning Failed</model:description>
  </model:externalFulfillmentState>
</model:orderComponentSpec>