<weblogic-ejb-jar xmlns="http://www.bea.com/ns/weblogic/weblogic-ejb-jar" xmlns:xsi="http://www.w3.org/2001/XMLSchema-instance"  xsi:schemaLocation="http://www.bea.com/ns/weblogic/weblogic-ejb-jar http://www.bea.com/ns/weblogic/weblogic-ejb-jar/1.0/weblogic-ejb-jar.xsd "> 
  <weblogic-enterprise-bean>
    <ejb-name>ExternalSystemEmulator_DslProvisioningRegion1</ejb-name>
    <message-driven-descriptor>
      	<pool>
            <max-beans-in-free-pool>100</max-beans-in-free-pool>
      	</pool>
      <destination-jndi-name>oracle/communications/ordermanagement/unsupported/emulator/ExternalSystemEmulator_DslProvisioningRegion1_Request_Queue</destination-jndi-name>
    </message-driven-descriptor>
    <jndi-name>oracle/communications/ordermanagement/unsupported/emulator/ExternalSystemEmulator_DslProvisioningRegion1</jndi-name>
  </weblogic-enterprise-bean>
  <weblogic-enterprise-bean>
    <ejb-name>ExternalSystemEmulator_DslProvisioningRegion2</ejb-name>
    <message-driven-descriptor>
      <pool>
        <max-beans-in-free-pool>100</max-beans-in-free-pool>
      </pool>
      <destination-jndi-name>oracle/communications/ordermanagement/unsupported/emulator/ExternalSystemEmulator_DslProvisioningRegion2_Request_Queue</destination-jndi-name>
    </message-driven-descriptor>
    <jndi-name>oracle/communications/ordermanagement/unsupported/emulator/ExternalSystemEmulator_DslProvisioningRegion2</jndi-name>
  </weblogic-enterprise-bean>
  <weblogic-enterprise-bean>
    <ejb-name>ExternalSystemEmulator_MobileProvisioning</ejb-name>
    <message-driven-descriptor>
      <pool>
        <max-beans-in-free-pool>100</max-beans-in-free-pool>
      </pool>
      <destination-jndi-name>oracle/communications/ordermanagement/unsupported/emulator/ExternalSystemEmulator_MobileProvisioning_Request_Queue</destination-jndi-name>
    </message-driven-descriptor>
    <jndi-name>oracle/communications/ordermanagement/unsupported/emulator/ExternalSystemEmulator_MobileProvisioning</jndi-name>
  </weblogic-enterprise-bean>
  <!--weblogic-enterprise-bean>
    <ejb-name>ExternalSystemEmulator_MobileProvisioning</ejb-name>
    <message-driven-descriptor>
      <pool>
        <max-beans-in-free-pool>100</max-beans-in-free-pool>
      </pool>
      <destination-jndi-name>oracle/communications/ordermanagement/unsupported/emulator/ExternalSystemEmulator_FixedProvisioning_Request_Queue</destination-jndi-name>
    </message-driven-descriptor>
    <jndi-name>oracle/communications/ordermanagement/unsupported/emulator/ExternalSystemEmulator_FixedProvisioning</jndi-name>
  </weblogic-enterprise-bean-->
  <weblogic-enterprise-bean>
    <ejb-name>ExternalSystemEmulator_FixedProvisioning</ejb-name>
    <message-driven-descriptor>
      <pool>
        <max-beans-in-free-pool>100</max-beans-in-free-pool>
      </pool>
      <destination-jndi-name>oracle/communications/ordermanagement/unsupported/emulator/ExternalSystemEmulator_FixedProvisioning_Request_Queue</destination-jndi-name>
    </message-driven-descriptor>
    <jndi-name>oracle/communications/ordermanagement/unsupported/emulator/ExternalSystemEmulator_FixedProvisioning</jndi-name>
  </weblogic-enterprise-bean>
  <weblogic-enterprise-bean>
    <ejb-name>ExternalSystemEmulator_Billing</ejb-name>
    <message-driven-descriptor>
      <pool>
        <max-beans-in-free-pool>100</max-beans-in-free-pool>
      </pool>
      <destination-jndi-name>oracle/communications/ordermanagement/unsupported/emulator/ExternalSystemEmulator_Billing_Request_Queue</destination-jndi-name>
    </message-driven-descriptor>
    <jndi-name>oracle/communications/ordermanagement/unsupported/emulator/ExternalSystemEmulator_Billing</jndi-name>
  </weblogic-enterprise-bean>
  <weblogic-enterprise-bean>
    <ejb-name>ExternalSystemEmulator_Marketing</ejb-name>
    <message-driven-descriptor>
      <pool>
        <max-beans-in-free-pool>100</max-beans-in-free-pool>
      </pool>
      <destination-jndi-name>oracle/communications/ordermanagement/unsupported/emulator/ExternalSystemEmulator_Marketing_Request_Queue</destination-jndi-name>
    </message-driven-descriptor>
    <jndi-name>oracle/communications/ordermanagement/unsupported/emulator/ExternalSystemEmulator_Marketing</jndi-name>
  </weblogic-enterprise-bean>
  
  <weblogic-enterprise-bean>
    <ejb-name>ExternalSystemEmulator_Customer</ejb-name>
    <message-driven-descriptor>
      <pool>
        <max-beans-in-free-pool>100</max-beans-in-free-pool>
      </pool>
      <destination-jndi-name>oracle/communications/ordermanagement/unsupported/emulator/ExternalSystemEmulator_Customer_Request_Queue</destination-jndi-name>
    </message-driven-descriptor>
    <jndi-name>oracle/communications/ordermanagement/unsupported/emulator/ExternalSystemEmulator_Customer</jndi-name>
  </weblogic-enterprise-bean>
  
  <weblogic-enterprise-bean>
    <ejb-name>ExternalSystemEmulator_Collections</ejb-name>
    <message-driven-descriptor>
      <pool>
        <max-beans-in-free-pool>100</max-beans-in-free-pool>
      </pool>
      <destination-jndi-name>oracle/communications/ordermanagement/unsupported/emulator/ExternalSystemEmulator_Collections_Request_Queue</destination-jndi-name>
    </message-driven-descriptor>
    <jndi-name>oracle/communications/ordermanagement/unsupported/emulator/ExternalSystemEmulator_Collections</jndi-name>
  </weblogic-enterprise-bean>
  
  <security-role-assignment>
    <role-name>omsadmin</role-name>
    <principal-name>omsadmin</principal-name>
  </security-role-assignment>
  <run-as-role-assignment>
    <role-name>omsadmin</role-name>
    <run-as-principal-name>omsadmin</run-as-principal-name>
  </run-as-role-assignment>
  
</weblogic-ejb-jar>
