<model:orderComponentSpec xmlns:model="http://xmlns.oracle.com/communications/ordermanagement/model" name="CollectionsFunction" namespace="http://oracle.communications.ordermanagement.unsupported.centralom">
  <model:description>CollectionsFunction</model:description>
  <model:extends>
    <model:name>Function</model:name>
    <model:namespace>http://oracle.communications.ordermanagement.unsupported.centralom</model:namespace>
  </model:extends>
  <model:executedByTask>
    <model:name>CollectionsFunction_CollectionsSI</model:name>
    <model:namespace>default</model:namespace>
  </model:executedByTask>
  <model:isExecutable>false</model:isExecutable>
  <model:summaryView>
    <model:view>
      <model:name>CollectionsSummaryTask</model:name>
      <model:namespace>urn:oracle:communications:ordermanagement:OsmCentralOMExample-Orchestration:1.0.0.0.0</model:namespace>
    </model:view>
    <model:workgroup>
      <model:name>SummaryRole</model:name>
      <model:namespace>urn:oracle:communications:ordermanagement:OsmCentralOMExample-Orchestration:1.0.0.0.0</model:namespace>
    </model:workgroup>
  </model:summaryView>
  <model:detailView>
    <model:view>
      <model:name>OsmCentralOMExampleQueryTask</model:name>
      <model:namespace>urn:oracle:communications:ordermanagement:OsmCentralOMExample-Orchestration:1.0.0.0.0</model:namespace>
    </model:view>
    <model:workgroup>
      <model:name>SummaryRole</model:name>
      <model:namespace>urn:oracle:communications:ordermanagement:OsmCentralOMExample-Orchestration:1.0.0.0.0</model:namespace>
    </model:workgroup>
  </model:detailView>
  <model:externalFulfillmentState name="Collections_Started">
    <model:description>Collections Started</model:description>
  </model:externalFulfillmentState>
  <model:externalFulfillmentState name="Collections_Completed">
    <model:description>Collections Completed</model:description>
  </model:externalFulfillmentState>
  <model:externalFulfillmentState name="Collections_Failed">
    <model:description>Collections Failed</model:description>
  </model:externalFulfillmentState>
  <model:externalFulfillmentState name="Collections_Cancelled">
    <model:description>Collections Cancelled</model:description>
  </model:externalFulfillmentState>
</model:orderComponentSpec>