<model:orderComponentSpec xmlns:model="http://xmlns.oracle.com/communications/ordermanagement/model" name="SyncCustomerFunction" namespace="http://oracle.communications.ordermanagement.unsupported.centralom">
  <model:description>SyncCustomerFunction</model:description>
  <model:extends>
    <model:name>Function</model:name>
    <model:namespace>http://oracle.communications.ordermanagement.unsupported.centralom</model:namespace>
  </model:extends>
  <model:executedByTask>
    <model:name>SyncCustomerFunction_CustomerSystemSI</model:name>
    <model:namespace>default</model:namespace>
  </model:executedByTask>
  <model:isExecutable>false</model:isExecutable>
  <model:summaryView>
    <model:view>
      <model:name>SyncCustomerSummaryTask</model:name>
      <model:namespace>urn:oracle:communications:ordermanagement:OsmCentralOMExample-Orchestration:1.0.0.0.0</model:namespace>
    </model:view>
    <model:workgroup>
      <model:name>SummaryRole</model:name>
      <model:namespace>urn:oracle:communications:ordermanagement:OsmCentralOMExample-Orchestration:1.0.0.0.0</model:namespace>
    </model:workgroup>
  </model:summaryView>
  <model:detailView>
    <model:view>
      <model:name>OsmCentralOMExampleQueryTask</model:name>
      <model:namespace>urn:oracle:communications:ordermanagement:OsmCentralOMExample-Orchestration:1.0.0.0.0</model:namespace>
    </model:view>
    <model:workgroup>
      <model:name>DefaultRole</model:name>
      <model:namespace>urn:oracle:communications:ordermanagement:OsmCentralOMExample-Orchestration:1.0.0.0.0</model:namespace>
    </model:workgroup>
  </model:detailView>
  <model:externalFulfillmentState name="SyncCustomer_Started">
    <model:description>Sync Customer Started</model:description>
  </model:externalFulfillmentState>
  <model:externalFulfillmentState name="SyncCustomer_Completed">
    <model:description>Sync Customer Completed</model:description>
  </model:externalFulfillmentState>
  <model:externalFulfillmentState name="SyncCustomer_Cancelled">
    <model:description>Sync Customer Cancelled</model:description>
  </model:externalFulfillmentState>
  <model:externalFulfillmentState name="SyncCustomer_Failed">
    <model:description>Sync Customer Failed</model:description>
  </model:externalFulfillmentState>
</model:orderComponentSpec>