<model:decompositionRule xmlns:model="http://xmlns.oracle.com/communications/ordermanagement/model" name="BillingToBundle" namespace="http://oracle.communications.ordermanagement.unsupported.centralom">
  <model:description>BillingToBundle</model:description>
  <model:orderItem>
    <model:name>CustomerOrderItemSpecification</model:name>
    <model:namespace>http://oracle.communications.ordermanagement.unsupported.centralom</model:namespace>
  </model:orderItem>
  <model:product>
    <model:name>Service.Broadband</model:name>
    <model:namespace>http://oracle.communications.ordermanagement.unsupported.centralom</model:namespace>
  </model:product>
  <model:product>
    <model:name>Service.Fixed</model:name>
    <model:namespace>http://oracle.communications.ordermanagement.unsupported.centralom</model:namespace>
  </model:product>
  <model:product>
    <model:name>Service.Mobile</model:name>
    <model:namespace>http://oracle.communications.ordermanagement.unsupported.centralom</model:namespace>
  </model:product>
  <model:source>
    <model:name>BillingFunction</model:name>
    <model:namespace>http://oracle.communications.ordermanagement.unsupported.centralom</model:namespace>
  </model:source>
  <model:target>
    <model:name>Bundle</model:name>
    <model:namespace>http://oracle.communications.ordermanagement.unsupported.centralom</model:namespace>
  </model:target>
</model:decompositionRule>