<model:decompositionRule xmlns:model="http://xmlns.oracle.com/communications/ordermanagement/model" name="BillingToBillingSystem" namespace="http://oracle.communications.ordermanagement.unsupported.centralom">
  <model:description>Billing To Billing System</model:description>
  <model:orderItem>
    <model:name>CustomerOrderItemSpecification</model:name>
    <model:namespace>http://oracle.communications.ordermanagement.unsupported.centralom</model:namespace>
  </model:orderItem>
  <model:source>
    <model:name>BillingFunction</model:name>
    <model:namespace>http://oracle.communications.ordermanagement.unsupported.centralom</model:namespace>
  </model:source>
  <model:target>
    <model:name>BillingSystem</model:name>
    <model:namespace>http://oracle.communications.ordermanagement.unsupported.centralom</model:namespace>
  </model:target>
</model:decompositionRule>