<model:decompositionRule xmlns:model="http://xmlns.oracle.com/communications/ordermanagement/model" name="EndFunctionsGranularity" namespace="http://oracle.communications.ordermanagement.unsupported.centralom">
  <model:description>EndFunctionsGranularity</model:description>
  <model:orderItem>
    <model:name>CustomerOrderItemSpecification</model:name>
    <model:namespace>http://oracle.communications.ordermanagement.unsupported.centralom</model:namespace>
  </model:orderItem>
  <model:source>
    <model:name>MarketingFunction</model:name>
    <model:namespace>http://oracle.communications.ordermanagement.unsupported.centralom</model:namespace>
  </model:source>
  <model:source>
    <model:name>CollectionsFunction</model:name>
    <model:namespace>http://oracle.communications.ordermanagement.unsupported.centralom</model:namespace>
  </model:source>
  <model:source>
    <model:name>SyncCustomerFunction</model:name>
    <model:namespace>http://oracle.communications.ordermanagement.unsupported.centralom</model:namespace>
  </model:source>
  <model:target>
    <model:name>WholeOrder</model:name>
    <model:namespace>http://oracle.communications.ordermanagement.unsupported.centralom</model:namespace>
  </model:target>
</model:decompositionRule>