<taskAutomator>
	<pluginJndiName>mobileOrderActivationTask.sender</pluginJndiName>
	<ejbName>mobileOrderActivationTask.sender</ejbName>
	<className>oracle.communications.ordermanagement.automation.plugin.XQuerySender</className>
	<runAs>omsadmin</runAs>          
	<cartridgeNamespace>@cartridgeNamespace@</cartridgeNamespace>
    <cartridgeVersion>@cartridgeVersion@</cartridgeVersion>    
	<receive xsi:type="am:InternalReceiver">
		<mnemonic>mobileOrderActivationTask</mnemonic>
 		<executionModes>do redo</executionModes>
	</receive>	
	
	<implement xsi:type="am:XquerySender">
		<to>
			<jndiName>oracle/communications/ordermanagement/unsupported/emulator/ExternalSystemEmulator_MobileProvisioning_Request_Queue</jndiName>
			<destinationType>javax.jms.Queue</destinationType>
		</to>
		<replyTo>
			<jndiName>oracle/communications/ordermanagement/unsupported/emulator/ExternalSystemEmulator_MobileProvisioning_Response_Queue</jndiName>
			<destinationType>javax.jms.Queue</destinationType>
		</replyTo>
		<am:sendNullMessage>true</am:sendNullMessage>
		<am:script>
			<am:url>http://oracle.communications.ordermanagement.unsupported.centralom/provisioning/xquery/mobileProvisioning/mobileProvisioning_request.xqy</am:url>
			<am:cache>
				<am:maxSize>50</am:maxSize>
				<am:timeout>15000</am:timeout>
			</am:cache>
		</am:script>
	</implement>    			
</taskAutomator><taskAutomator>
	<pluginJndiName>mobileOrderActivationTask.receiver</pluginJndiName>
	<ejbName>mobileOrderActivationTask.receiver</ejbName>
	<className>oracle.communications.ordermanagement.automation.plugin.XQueryReceiver</className>
	<runAs>omsadmin</runAs>          
	<cartridgeNamespace>@cartridgeNamespace@</cartridgeNamespace>
    <cartridgeVersion>@cartridgeVersion@</cartridgeVersion>    
	<receive xsi:type="am:ExternalReceiver">
		<jmsSource>
			<from>
				<jndiName>oracle/communications/ordermanagement/unsupported/emulator/ExternalSystemEmulator_MobileProvisioning_Response_Queue</jndiName>
				<destinationType>javax.jms.Queue</destinationType>				
			</from>			
		</jmsSource>	
		<correlation xsi:type="MessagePropertyCorrelation">
			<property>JMSCorrelationID</property>
		</correlation>	
	</receive>
	
	<implement xsi:type="am:XqueryAutomator">
		<am:script>
			<am:url>http://oracle.communications.ordermanagement.unsupported.centralom/provisioning/xquery/mobileProvisioning/mobileProvisioning_response.xqy</am:url>
			<am:cache>
				<am:maxSize>50</am:maxSize>
				<am:timeout>15000</am:timeout>
			</am:cache>
		</am:script>
		<am:updateOrder>true</am:updateOrder>
	</implement>    			
</taskAutomator><taskAutomator>
	<pluginJndiName>mobileOrderActivationTask.cancelSender</pluginJndiName>
	<ejbName>mobileOrderActivationTask.cancelSender</ejbName>
	<className>oracle.communications.ordermanagement.automation.plugin.XQuerySender</className>
	<runAs>omsadmin</runAs>          
	<cartridgeNamespace>@cartridgeNamespace@</cartridgeNamespace>
    <cartridgeVersion>@cartridgeVersion@</cartridgeVersion>    
	<receive xsi:type="am:InternalReceiver">
		<mnemonic>mobileOrderActivationTask</mnemonic>
 		<executionModes>undo</executionModes>
	</receive>	
	
	<implement xsi:type="am:XquerySender">
		<to>
			<jndiName>oracle/communications/ordermanagement/unsupported/emulator/ExternalSystemEmulator_MobileProvisioning_Request_Queue</jndiName>
			<destinationType>javax.jms.Queue</destinationType>
		</to>
		<replyTo>
			<jndiName>oracle/communications/ordermanagement/unsupported/emulator/ExternalSystemEmulator_MobileProvisioning_Response_Queue</jndiName>
			<destinationType>javax.jms.Queue</destinationType>
		</replyTo>
		<am:sendNullMessage>true</am:sendNullMessage>
		<am:script>
			<am:url>http://oracle.communications.ordermanagement.unsupported.centralom/provisioning/xquery/mobileProvisioning/mobileProvisioning_cancel_request.xqy</am:url>
			<am:cache>
				<am:maxSize>50</am:maxSize>
				<am:timeout>15000</am:timeout>
			</am:cache>
		</am:script>
	</implement>    			
</taskAutomator>