<taskAutomator>
	<pluginJndiName>Task.completion</pluginJndiName>
	<ejbName>Task.completion</ejbName>
	<className>oracle.communications.ordermanagement.automation.plugin.XQueryReceiver</className>
	<runAs>omsadmin</runAs>          
	<cartridgeNamespace>@cartridgeNamespace@</cartridgeNamespace>
    <cartridgeVersion>@cartridgeVersion@</cartridgeVersion>    
	<receive xsi:type="am:InternalReceiver">
		<mnemonic>SICompletionTask</mnemonic>
 		<executionModes>do undo redo</executionModes>
	</receive>	
	
	<implement xsi:type="am:XqueryAutomator">
		<am:script>
			<am:url>http://oracle.communications.ordermanagement.unsupported.centralom/provisioning/xquery/si_completion.xqy</am:url>
			<am:cache>
				<am:maxSize>50</am:maxSize>
				<am:timeout>15000</am:timeout>
			</am:cache>
		</am:script>
		<am:updateOrder>true</am:updateOrder>
	</implement>    			
</taskAutomator>