<_25:manifest xmlns:_25="http://www.metasolv.com/OMS/OrderModel/2002/06/25" xmlns:model="http://xmlns.oracle.com/communications/ordermanagement/model" name="OsmCentralOMExample-Orchestration">
  <model:description>OsmCentralOMExample-Orchestration</model:description>
  <_25:exportedEntity>
    <model:name>InputMessage</model:name>
    <model:namespace>urn:oracle:communications:ordermanagement:OsmCentralOMExample-Orchestration:1.0.0.0.0</model:namespace>
  </_25:exportedEntity>
  <_25:exportedEntity>
    <model:name>systemInteractionResponse</model:name>
    <model:namespace>urn:oracle:communications:ordermanagement:OsmCentralOMExample-Orchestration:1.0.0.0.0</model:namespace>
  </_25:exportedEntity>
  <_25:exportedEntity>
    <model:name>OsmCentralOMExample-Orchestration</model:name>
    <model:namespace>urn:oracle:communications:ordermanagement:OsmCentralOMExample-Orchestration:1.0.0.0.0</model:namespace>
  </_25:exportedEntity>
  <_25:exportedEntity>
    <model:name>OsmCentralOMExampleOrder</model:name>
    <model:namespace>urn:oracle:communications:ordermanagement:OsmCentralOMExample-Orchestration:1.0.0.0.0</model:namespace>
  </_25:exportedEntity>
  <_25:exportedEntity>
    <model:name>FalloutOrder</model:name>
    <model:namespace>urn:oracle:communications:ordermanagement:OsmCentralOMExample-Orchestration:1.0.0.0.0</model:namespace>
  </_25:exportedEntity>
  <_25:exportedEntity>
    <model:name>Function</model:name>
    <model:namespace>http://oracle.communications.ordermanagement.unsupported.centralom</model:namespace>
  </_25:exportedEntity>
  <_25:exportedEntity>
    <model:name>CustomerOrderRecognition</model:name>
    <model:namespace>http://oracle.communications.ordermanagement.unsupported.centralom</model:namespace>
  </_25:exportedEntity>
  <_25:exportedEntity>
    <model:name>FalloutOrp</model:name>
    <model:namespace>http://oracle.communications.ordermanagement.unsupported.centralom</model:namespace>
  </_25:exportedEntity>
  <_25:exportedEntity>
    <model:name>OMExampleOrchestrationProcess</model:name>
    <model:namespace>http://oracle.communications.ordermanagement.unsupported.centralom</model:namespace>
  </_25:exportedEntity>
  <_25:exportedEntity>
    <model:name>FalloutProcess</model:name>
    <model:namespace>urn:oracle:communications:ordermanagement:OsmCentralOMExample-Orchestration:1.0.0.0.0</model:namespace>
  </_25:exportedEntity>
  <_25:exportedEntity>
    <model:name>OrderSummaryTask</model:name>
    <model:namespace>urn:oracle:communications:ordermanagement:OsmCentralOMExample-Orchestration:1.0.0.0.0</model:namespace>
  </_25:exportedEntity>
  <_25:exportedEntity>
    <model:name>OsmCentralOMExampleQueryTask</model:name>
    <model:namespace>urn:oracle:communications:ordermanagement:OsmCentralOMExample-Orchestration:1.0.0.0.0</model:namespace>
  </_25:exportedEntity>
  <_25:exportedEntity>
    <model:name>OsmCentralOMExampleCreationTask</model:name>
    <model:namespace>urn:oracle:communications:ordermanagement:OsmCentralOMExample-Orchestration:1.0.0.0.0</model:namespace>
  </_25:exportedEntity>
  <_25:exportedEntity>
    <model:name>BaseHeaderInfoTask</model:name>
    <model:namespace>urn:oracle:communications:ordermanagement:OsmCentralOMExample-Orchestration:1.0.0.0.0</model:namespace>
  </_25:exportedEntity>
  <_25:exportedEntity>
    <model:name>ProvisioningFalloutTask</model:name>
    <model:namespace>urn:oracle:communications:ordermanagement:OsmCentralOMExample-Orchestration:1.0.0.0.0</model:namespace>
  </_25:exportedEntity>
  <_25:exportedEntity>
    <model:name>FalloutCreationTask</model:name>
    <model:namespace>urn:oracle:communications:ordermanagement:OsmCentralOMExample-Orchestration:1.0.0.0.0</model:namespace>
  </_25:exportedEntity>
  <_25:exportedEntity>
    <model:name>FalloutCompletionTask</model:name>
    <model:namespace>urn:oracle:communications:ordermanagement:OsmCentralOMExample-Orchestration:1.0.0.0.0</model:namespace>
  </_25:exportedEntity>
  <_25:referencedEntity>
    <model:name>OracleComms_OSM_CommonDataDictionary</model:name>
    <model:namespace>urn:oracle:communications:ordermanagement:OsmCentralOMExample-Orchestration:1.0.0.0.0</model:namespace>
  </_25:referencedEntity>
  <_25:referencedEntity>
    <model:name>ProcessingGranularity</model:name>
    <model:namespace>http://oracle.communications.ordermanagement.unsupported.centralom</model:namespace>
  </_25:referencedEntity>
  <_25:referencedEntity>
    <model:name>TargetSystem</model:name>
    <model:namespace>http://oracle.communications.ordermanagement.unsupported.centralom</model:namespace>
  </_25:referencedEntity>
  <_25:referencedCartridge>
    <_25:namespace>OsmCentralOMExample-Topology</_25:namespace>
    <_25:version>1.0.0.0.0</_25:version>
  </_25:referencedCartridge>
</_25:manifest>