			
<orderDefinition xsi:schemaLocation="http://www.metasolv.com/OMS/OrderModel/2002/06/25" xmlns:xsi="http://www.w3.org/2001/XMLSchema-instance" xmlns="http://www.metasolv.com/OMS/OrderModel/2002/06/25">	
	<orderType>FalloutOrder</orderType>
	<orderSource>FalloutOrder</orderSource>
	<orderStatePolicy>DefaultLifecyclePolicy</orderStatePolicy> 
	<name>FalloutOrder</name>
	<description>FalloutOrder order entry task</description>	
	<orderTemplate>
		<orderData>/FalloutMessage</orderData>


	</orderTemplate>
	<entryView>FalloutCreationTask</entryView>
	<defaultProcess>FalloutProcess</defaultProcess>

	
	<workgroupView>
	  <workgroup>DefaultRole</workgroup>
	  <view>FalloutCreationTask</view>
	</workgroupView>
	

	<taskView>
		<task>configureMarketingTask</task>
		<view>configureMarketingTask</view>		
	</taskView>
	<taskView>
		<task>SyncCustomerBaseTask</task>
		<view>SyncCustomerBaseTask</view>		
	</taskView>
	<taskView>
		<task>mobileOrderActivationTask</task>
		<view>mobileOrderActivationTask</view>		
	</taskView>
	<taskView>
		<task>ProvisioningFunctionTask</task>
		<view>ProvisioningFunctionTask</view>		
	</taskView>
	<taskView>
		<task>MarketingSummaryTask</task>
		<view>MarketingSummaryTask</view>		
	</taskView>
	<taskView>
		<task>SICompletionTask</task>
		<view>SICompletionTask</view>		
	</taskView>
	<taskView>
		<task>activateOrderFixedTask</task>
		<view>activateOrderFixedTask</view>		
	</taskView>
	<taskView>
		<task>routeToProvisioningTask</task>
		<view>routeToProvisioningTask</view>		
	</taskView>
	<taskView>
		<task>ProvisioningBaseTask</task>
		<view>ProvisioningBaseTask</view>		
	</taskView>
	<taskView>
		<task>BillingFunctionTask</task>
		<view>BillingFunctionTask</view>		
	</taskView>
	<taskView>
		<task>SyncCustomerSummaryTask</task>
		<view>SyncCustomerSummaryTask</view>		
	</taskView>
	<taskView>
		<task>CollectionsBaseTask</task>
		<view>CollectionsBaseTask</view>		
	</taskView>
	<taskView>
		<task>OsmCentralOMExampleQueryTask</task>
		<view>OsmCentralOMExampleQueryTask</view>		
	</taskView>
	<taskView>
		<task>configureCustomerSystemTask</task>
		<view>configureCustomerSystemTask</view>		
	</taskView>
	<taskView>
		<task>activationOrderAdslRegion2Task</task>
		<view>activationOrderAdslRegion2Task</view>		
	</taskView>
	<taskView>
		<task>CollectionsSummaryTask</task>
		<view>CollectionsSummaryTask</view>		
	</taskView>
	<taskView>
		<task>FalloutCompletionTask</task>
		<view>FalloutCompletionTask</view>		
	</taskView>
	<taskView>
		<task>configureCollectionsTask</task>
		<view>configureCollectionsTask</view>		
	</taskView>
	<taskView>
		<task>OrderSummaryTask</task>
		<view>OrderSummaryTask</view>		
	</taskView>
	<taskView>
		<task>ProvisioningFalloutTask</task>
		<view>ProvisioningFalloutTask</view>		
	</taskView>
	<taskView>
		<task>configureBillingTask</task>
		<view>configureBillingTask</view>		
	</taskView>
	<taskView>
		<task>MarketingBaseTask</task>
		<view>MarketingBaseTask</view>		
	</taskView>
	<taskView>
		<task>FalloutCreationTask</task>
		<view>FalloutCreationTask</view>		
	</taskView>
	<taskView>
		<task>activationOrderAdslRegion1Task</task>
		<view>activationOrderAdslRegion1Task</view>		
	</taskView>
	<taskView>
		<task>ProvisioningUpdateTask</task>
		<view>ProvisioningUpdateTask</view>		
	</taskView>
	<taskView>
		<task>ProvisionSummaryTask</task>
		<view>ProvisionSummaryTask</view>		
	</taskView>
	<taskView>
		<task>BillingSummaryTask</task>
		<view>BillingSummaryTask</view>		
	</taskView>
	<taskView>
		<task>OsmCentralOMExampleCreationTask</task>
		<view>OsmCentralOMExampleCreationTask</view>		
	</taskView>
	<taskView>
		<task>BillingBaseTask</task>
		<view>BillingBaseTask</view>		
	</taskView>
</orderDefinition>
