			
<orderDefinition xsi:schemaLocation="http://www.metasolv.com/OMS/OrderModel/2002/06/25" xmlns:xsi="http://www.w3.org/2001/XMLSchema-instance" xmlns="http://www.metasolv.com/OMS/OrderModel/2002/06/25">	
	<orderType>OsmCentralOMExampleOrder</orderType>
	<orderSource>OsmCentralOMExampleOrder</orderSource>
	<orderStatePolicy>DefaultLifecyclePolicy</orderStatePolicy> 
 	<amendable>true</amendable>
	<keyDef>
		<key>_root/OrderHeader/numSalesOrder</key>

	</keyDef>
	<name>OsmCentralOMExampleOrder</name>
	<description>OsmCentralOMExampleOrder order entry task</description>	
	<orderTemplate>
		<orderData>/ControlData</orderData>
		<orderData>/ControlData/OrderItem</orderData>
		<orderData>/ControlData/OrderItem/productClass</orderData>
		<orderData>/ControlData/OrderItem/productSpec</orderData>
		<orderData>/ControlData/OrderItem/lineId</orderData>
		<orderData>/ControlData/OrderItem/lineItemName</orderData>
		<orderData>/ControlData/OrderItem/requestedDeliveryDate</orderData>
		<orderData>/ControlData/OrderItem/parentLineId</orderData>
		<orderData>/ControlData/OrderItem/region</orderData>
		<orderData>/ControlData/OrderItem/typeCode</orderData>
		<orderData>/ControlData/OrderItem/serviceId</orderData>
		<orderData significant="false">/ControlData/OrderItem/lineItemPayload</orderData>
		<orderData>/ControlData/OrderItem/PointOfNoReturn</orderData>
		<orderData>/ControlData/OrderItem/OrderItemFulfillmentState</orderData>
		<orderData>/ControlData/Functions</orderData>
		<orderData>/ControlData/Functions/ProvisioningFunction</orderData>
		<orderData>/ControlData/Functions/ProvisioningFunction/componentKey</orderData>
		<orderData>/ControlData/Functions/ProvisioningFunction/orderItem</orderData>
		<orderData>/ControlData/Functions/ProvisioningFunction/orderItem/ExternalFulfillmentState</orderData>
		<orderData>/ControlData/Functions/ProvisioningFunction/orderItem/orderItemRef</orderData>
		<orderData>/ControlData/Functions/ProvisioningFunction/orderItem/orderItemRef/productClass</orderData>
		<orderData>/ControlData/Functions/ProvisioningFunction/orderItem/orderItemRef/productSpec</orderData>
		<orderData>/ControlData/Functions/ProvisioningFunction/orderItem/orderItemRef/lineId</orderData>
		<orderData>/ControlData/Functions/ProvisioningFunction/orderItem/orderItemRef/lineItemName</orderData>
		<orderData>/ControlData/Functions/ProvisioningFunction/orderItem/orderItemRef/requestedDeliveryDate</orderData>
		<orderData>/ControlData/Functions/ProvisioningFunction/orderItem/orderItemRef/parentLineId</orderData>
		<orderData>/ControlData/Functions/ProvisioningFunction/orderItem/orderItemRef/region</orderData>
		<orderData>/ControlData/Functions/ProvisioningFunction/orderItem/orderItemRef/typeCode</orderData>
		<orderData>/ControlData/Functions/ProvisioningFunction/orderItem/orderItemRef/serviceId</orderData>
		<orderData significant="false">/ControlData/Functions/ProvisioningFunction/orderItem/orderItemRef/lineItemPayload</orderData>
		<orderData>/ControlData/Functions/ProvisioningFunction/orderItem/orderItemRef/PointOfNoReturn</orderData>
		<orderData>/ControlData/Functions/ProvisioningFunction/orderItem/orderItemRef/OrderItemFulfillmentState</orderData>
		<orderData significant="false">/ControlData/Functions/ProvisioningFunction/Status</orderData>
		<orderData significant="false">/ControlData/Functions/ProvisioningFunction/Status/ErrorCode</orderData>
		<orderData significant="false">/ControlData/Functions/ProvisioningFunction/Status/ErrorMessage</orderData>
		<orderData significant="false">/ControlData/Functions/ProvisioningFunction/Status/ErrorStatus</orderData>
		<orderData significant="false">/ControlData/Functions/ProvisioningFunction/SystemInteraction</orderData>
		<orderData significant="false">/ControlData/Functions/ProvisioningFunction/SystemInteraction/ConversationId</orderData>
		<orderData>/ControlData/Functions/MarketingFunction</orderData>
		<orderData>/ControlData/Functions/MarketingFunction/componentKey</orderData>
		<orderData>/ControlData/Functions/MarketingFunction/orderItem</orderData>
		<orderData>/ControlData/Functions/MarketingFunction/orderItem/ExternalFulfillmentState</orderData>
		<orderData>/ControlData/Functions/MarketingFunction/orderItem/orderItemRef</orderData>
		<orderData>/ControlData/Functions/MarketingFunction/orderItem/orderItemRef/productClass</orderData>
		<orderData>/ControlData/Functions/MarketingFunction/orderItem/orderItemRef/productSpec</orderData>
		<orderData>/ControlData/Functions/MarketingFunction/orderItem/orderItemRef/lineId</orderData>
		<orderData>/ControlData/Functions/MarketingFunction/orderItem/orderItemRef/lineItemName</orderData>
		<orderData>/ControlData/Functions/MarketingFunction/orderItem/orderItemRef/requestedDeliveryDate</orderData>
		<orderData>/ControlData/Functions/MarketingFunction/orderItem/orderItemRef/parentLineId</orderData>
		<orderData>/ControlData/Functions/MarketingFunction/orderItem/orderItemRef/region</orderData>
		<orderData>/ControlData/Functions/MarketingFunction/orderItem/orderItemRef/typeCode</orderData>
		<orderData>/ControlData/Functions/MarketingFunction/orderItem/orderItemRef/serviceId</orderData>
		<orderData significant="false">/ControlData/Functions/MarketingFunction/orderItem/orderItemRef/lineItemPayload</orderData>
		<orderData>/ControlData/Functions/MarketingFunction/orderItem/orderItemRef/PointOfNoReturn</orderData>
		<orderData>/ControlData/Functions/MarketingFunction/orderItem/orderItemRef/OrderItemFulfillmentState</orderData>
		<orderData significant="false">/ControlData/Functions/MarketingFunction/Status</orderData>
		<orderData significant="false">/ControlData/Functions/MarketingFunction/Status/ErrorCode</orderData>
		<orderData significant="false">/ControlData/Functions/MarketingFunction/Status/ErrorMessage</orderData>
		<orderData significant="false">/ControlData/Functions/MarketingFunction/Status/ErrorStatus</orderData>
		<orderData>/ControlData/Functions/CollectionsFunction</orderData>
		<orderData>/ControlData/Functions/CollectionsFunction/componentKey</orderData>
		<orderData>/ControlData/Functions/CollectionsFunction/orderItem</orderData>
		<orderData>/ControlData/Functions/CollectionsFunction/orderItem/ExternalFulfillmentState</orderData>
		<orderData>/ControlData/Functions/CollectionsFunction/orderItem/orderItemRef</orderData>
		<orderData>/ControlData/Functions/CollectionsFunction/orderItem/orderItemRef/productClass</orderData>
		<orderData>/ControlData/Functions/CollectionsFunction/orderItem/orderItemRef/productSpec</orderData>
		<orderData>/ControlData/Functions/CollectionsFunction/orderItem/orderItemRef/lineId</orderData>
		<orderData>/ControlData/Functions/CollectionsFunction/orderItem/orderItemRef/lineItemName</orderData>
		<orderData>/ControlData/Functions/CollectionsFunction/orderItem/orderItemRef/requestedDeliveryDate</orderData>
		<orderData>/ControlData/Functions/CollectionsFunction/orderItem/orderItemRef/parentLineId</orderData>
		<orderData>/ControlData/Functions/CollectionsFunction/orderItem/orderItemRef/region</orderData>
		<orderData>/ControlData/Functions/CollectionsFunction/orderItem/orderItemRef/typeCode</orderData>
		<orderData>/ControlData/Functions/CollectionsFunction/orderItem/orderItemRef/serviceId</orderData>
		<orderData significant="false">/ControlData/Functions/CollectionsFunction/orderItem/orderItemRef/lineItemPayload</orderData>
		<orderData>/ControlData/Functions/CollectionsFunction/orderItem/orderItemRef/PointOfNoReturn</orderData>
		<orderData>/ControlData/Functions/CollectionsFunction/orderItem/orderItemRef/OrderItemFulfillmentState</orderData>
		<orderData significant="false">/ControlData/Functions/CollectionsFunction/Status</orderData>
		<orderData significant="false">/ControlData/Functions/CollectionsFunction/Status/ErrorCode</orderData>
		<orderData significant="false">/ControlData/Functions/CollectionsFunction/Status/ErrorMessage</orderData>
		<orderData significant="false">/ControlData/Functions/CollectionsFunction/Status/ErrorStatus</orderData>
		<orderData>/ControlData/Functions/SyncCustomerFunction</orderData>
		<orderData>/ControlData/Functions/SyncCustomerFunction/componentKey</orderData>
		<orderData>/ControlData/Functions/SyncCustomerFunction/orderItem</orderData>
		<orderData>/ControlData/Functions/SyncCustomerFunction/orderItem/ExternalFulfillmentState</orderData>
		<orderData>/ControlData/Functions/SyncCustomerFunction/orderItem/orderItemRef</orderData>
		<orderData>/ControlData/Functions/SyncCustomerFunction/orderItem/orderItemRef/productClass</orderData>
		<orderData>/ControlData/Functions/SyncCustomerFunction/orderItem/orderItemRef/productSpec</orderData>
		<orderData>/ControlData/Functions/SyncCustomerFunction/orderItem/orderItemRef/lineId</orderData>
		<orderData>/ControlData/Functions/SyncCustomerFunction/orderItem/orderItemRef/lineItemName</orderData>
		<orderData>/ControlData/Functions/SyncCustomerFunction/orderItem/orderItemRef/requestedDeliveryDate</orderData>
		<orderData>/ControlData/Functions/SyncCustomerFunction/orderItem/orderItemRef/parentLineId</orderData>
		<orderData>/ControlData/Functions/SyncCustomerFunction/orderItem/orderItemRef/region</orderData>
		<orderData>/ControlData/Functions/SyncCustomerFunction/orderItem/orderItemRef/typeCode</orderData>
		<orderData>/ControlData/Functions/SyncCustomerFunction/orderItem/orderItemRef/serviceId</orderData>
		<orderData significant="false">/ControlData/Functions/SyncCustomerFunction/orderItem/orderItemRef/lineItemPayload</orderData>
		<orderData>/ControlData/Functions/SyncCustomerFunction/orderItem/orderItemRef/PointOfNoReturn</orderData>
		<orderData>/ControlData/Functions/SyncCustomerFunction/orderItem/orderItemRef/OrderItemFulfillmentState</orderData>
		<orderData significant="false">/ControlData/Functions/SyncCustomerFunction/Status</orderData>
		<orderData significant="false">/ControlData/Functions/SyncCustomerFunction/Status/ErrorCode</orderData>
		<orderData significant="false">/ControlData/Functions/SyncCustomerFunction/Status/ErrorMessage</orderData>
		<orderData significant="false">/ControlData/Functions/SyncCustomerFunction/Status/ErrorStatus</orderData>
		<orderData>/ControlData/Functions/BillingFunction</orderData>
		<orderData>/ControlData/Functions/BillingFunction/componentKey</orderData>
		<orderData>/ControlData/Functions/BillingFunction/orderItem</orderData>
		<orderData>/ControlData/Functions/BillingFunction/orderItem/ExternalFulfillmentState</orderData>
		<orderData>/ControlData/Functions/BillingFunction/orderItem/orderItemRef</orderData>
		<orderData>/ControlData/Functions/BillingFunction/orderItem/orderItemRef/productClass</orderData>
		<orderData>/ControlData/Functions/BillingFunction/orderItem/orderItemRef/productSpec</orderData>
		<orderData>/ControlData/Functions/BillingFunction/orderItem/orderItemRef/lineId</orderData>
		<orderData>/ControlData/Functions/BillingFunction/orderItem/orderItemRef/lineItemName</orderData>
		<orderData>/ControlData/Functions/BillingFunction/orderItem/orderItemRef/requestedDeliveryDate</orderData>
		<orderData>/ControlData/Functions/BillingFunction/orderItem/orderItemRef/parentLineId</orderData>
		<orderData>/ControlData/Functions/BillingFunction/orderItem/orderItemRef/region</orderData>
		<orderData>/ControlData/Functions/BillingFunction/orderItem/orderItemRef/typeCode</orderData>
		<orderData>/ControlData/Functions/BillingFunction/orderItem/orderItemRef/serviceId</orderData>
		<orderData significant="false">/ControlData/Functions/BillingFunction/orderItem/orderItemRef/lineItemPayload</orderData>
		<orderData>/ControlData/Functions/BillingFunction/orderItem/orderItemRef/PointOfNoReturn</orderData>
		<orderData>/ControlData/Functions/BillingFunction/orderItem/orderItemRef/OrderItemFulfillmentState</orderData>
		<orderData significant="false">/ControlData/Functions/BillingFunction/Status</orderData>
		<orderData significant="false">/ControlData/Functions/BillingFunction/Status/ErrorCode</orderData>
		<orderData significant="false">/ControlData/Functions/BillingFunction/Status/ErrorMessage</orderData>
		<orderData significant="false">/ControlData/Functions/BillingFunction/Status/ErrorStatus</orderData>
		<orderData>/ControlData/OrderFulfillmentState</orderData>
		<orderData>/BillingProfile</orderData>
		<orderData>/BillingProfile/mediaType</orderData>
		<orderData>/BillingProfile/typeInvoice</orderData>
		<orderData>/BillingProfile/billingCycle</orderData>
		<orderData>/BillingProfile/exemptionICMS</orderData>
		<orderData>/BillingProfile/empresaFaturamento</orderData>
		<orderData>/BillingProfile/paymentMethod</orderData>
		<orderData significant="false">/Status</orderData>
		<orderData significant="false">/Status/SyncCustomerStatus</orderData>
		<orderData significant="false">/Status/SyncCustomerStatus/ErrorCode</orderData>
		<orderData significant="false">/Status/SyncCustomerStatus/ErrorMessage</orderData>
		<orderData significant="false">/Status/SyncCustomerStatus/ErrorStatus</orderData>
		<orderData significant="false">/Status/ProvisioningFixedStatus</orderData>
		<orderData significant="false">/Status/ProvisioningFixedStatus/ErrorCode</orderData>
		<orderData significant="false">/Status/ProvisioningFixedStatus/ErrorMessage</orderData>
		<orderData significant="false">/Status/ProvisioningFixedStatus/ErrorStatus</orderData>
		<orderData significant="false">/Status/ProvisioningMobileStatus</orderData>
		<orderData significant="false">/Status/ProvisioningMobileStatus/ErrorCode</orderData>
		<orderData significant="false">/Status/ProvisioningMobileStatus/ErrorMessage</orderData>
		<orderData significant="false">/Status/ProvisioningMobileStatus/ErrorStatus</orderData>
		<orderData significant="false">/Status/ProvisioningDSLRegion1Status</orderData>
		<orderData significant="false">/Status/ProvisioningDSLRegion1Status/ErrorCode</orderData>
		<orderData significant="false">/Status/ProvisioningDSLRegion1Status/ErrorMessage</orderData>
		<orderData significant="false">/Status/ProvisioningDSLRegion1Status/ErrorStatus</orderData>
		<orderData significant="false">/Status/ProvisioningDSLRegion2Status</orderData>
		<orderData significant="false">/Status/ProvisioningDSLRegion2Status/ErrorCode</orderData>
		<orderData significant="false">/Status/ProvisioningDSLRegion2Status/ErrorMessage</orderData>
		<orderData significant="false">/Status/ProvisioningDSLRegion2Status/ErrorStatus</orderData>
		<orderData significant="false">/Status/BillingStatus</orderData>
		<orderData significant="false">/Status/BillingStatus/ErrorCode</orderData>
		<orderData significant="false">/Status/BillingStatus/ErrorMessage</orderData>
		<orderData significant="false">/Status/BillingStatus/ErrorStatus</orderData>
		<orderData significant="false">/Status/MarketingStatus</orderData>
		<orderData significant="false">/Status/MarketingStatus/ErrorCode</orderData>
		<orderData significant="false">/Status/MarketingStatus/ErrorMessage</orderData>
		<orderData significant="false">/Status/MarketingStatus/ErrorStatus</orderData>
		<orderData significant="false">/Status/CollectionsStatus</orderData>
		<orderData significant="false">/Status/CollectionsStatus/ErrorCode</orderData>
		<orderData significant="false">/Status/CollectionsStatus/ErrorMessage</orderData>
		<orderData significant="false">/Status/CollectionsStatus/ErrorStatus</orderData>
		<orderData significant="false">/order</orderData>
		<orderData>/CustomerDetails</orderData>
		<orderData>/CustomerDetails/locationType</orderData>
		<orderData>/CustomerDetails/nameLocation</orderData>
		<orderData>/CustomerDetails/number</orderData>
		<orderData>/CustomerDetails/typeCompl</orderData>
		<orderData>/CustomerDetails/numCompl</orderData>
		<orderData>/CustomerDetails/district</orderData>
		<orderData>/CustomerDetails/codeLocation</orderData>
		<orderData>/CustomerDetails/city</orderData>
		<orderData>/CustomerDetails/state</orderData>
		<orderData>/CustomerDetails/referencePoint</orderData>
		<orderData>/CustomerDetails/areaCode</orderData>
		<orderData>/CustomerDetails/typeAddress</orderData>
		<orderData>/OrderHeader</orderData>
		<orderData>/OrderHeader/numSalesOrder</orderData>
		<orderData>/OrderHeader/typeOrder</orderData>
		<orderData>/AccountDetails</orderData>
		<orderData>/AccountDetails/numAccount</orderData>
		<orderData>/AccountDetails/status</orderData>
		<orderData>/AccountDetails/corporate</orderData>
		<orderData>/AccountDetails/cpfClient</orderData>
		<orderData>/AccountDetails/cnpjClient</orderData>
		<orderData>/AccountDetails/inscrState</orderData>
		<orderData>/AccountDetails/clientSince</orderData>
		<orderData>/AccountDetails/category</orderData>
		<orderData significant="false">/ResponseParamGroup</orderData>
		<orderData significant="false">/ResponseParamGroup/ResponseParam</orderData>
		<orderData significant="false">/ResponseParamGroup/ResponseParam/paramName</orderData>
		<orderData significant="false">/ResponseParamGroup/ResponseParam/paramValue</orderData>

		<keyDef>
			<orderData>/ControlData/OrderItem</orderData>
			<key>./lineId</key>
		</keyDef>

	</orderTemplate>
	<entryView>OsmCentralOMExampleCreationTask</entryView>
	<defaultProcess>OMExampleOrchestrationProcess</defaultProcess>

	
	<workgroupView>
	  <workgroup>DefaultRole</workgroup>
	  <view>OsmCentralOMExampleQueryTask</view>
	</workgroupView>
	
	<workgroupView>
	  <workgroup>ProvisionRole</workgroup>
	  <view>ProvisioningFunctionTask</view>
	</workgroupView>
	
	<workgroupView>
	  <workgroup>ProvisioningUpdateRole</workgroup>
	  <view>ProvisioningUpdateTask</view>
	</workgroupView>
	
	<workgroupView>
	  <workgroup>BillingUpdateRole</workgroup>
	  <view>BillingFunctionTask</view>
	</workgroupView>
	

	<taskView>
		<task>configureMarketingTask</task>
		<view>configureMarketingTask</view>		
	</taskView>
	<taskView>
		<task>SyncCustomerBaseTask</task>
		<view>SyncCustomerBaseTask</view>		
	</taskView>
	<taskView>
		<task>mobileOrderActivationTask</task>
		<view>mobileOrderActivationTask</view>		
	</taskView>
	<taskView>
		<task>ProvisioningFunctionTask</task>
		<view>ProvisioningFunctionTask</view>		
	</taskView>
	<taskView>
		<task>MarketingSummaryTask</task>
		<view>MarketingSummaryTask</view>		
	</taskView>
	<taskView>
		<task>SICompletionTask</task>
		<view>SICompletionTask</view>		
	</taskView>
	<taskView>
		<task>activateOrderFixedTask</task>
		<view>activateOrderFixedTask</view>		
	</taskView>
	<taskView>
		<task>routeToProvisioningTask</task>
		<view>routeToProvisioningTask</view>		
	</taskView>
	<taskView>
		<task>ProvisioningBaseTask</task>
		<view>ProvisioningBaseTask</view>		
	</taskView>
	<taskView>
		<task>BillingFunctionTask</task>
		<view>BillingFunctionTask</view>		
	</taskView>
	<taskView>
		<task>SyncCustomerSummaryTask</task>
		<view>SyncCustomerSummaryTask</view>		
	</taskView>
	<taskView>
		<task>CollectionsBaseTask</task>
		<view>CollectionsBaseTask</view>		
	</taskView>
	<taskView>
		<task>OsmCentralOMExampleQueryTask</task>
		<view>OsmCentralOMExampleQueryTask</view>		
	</taskView>
	<taskView>
		<task>configureCustomerSystemTask</task>
		<view>configureCustomerSystemTask</view>		
	</taskView>
	<taskView>
		<task>activationOrderAdslRegion2Task</task>
		<view>activationOrderAdslRegion2Task</view>		
	</taskView>
	<taskView>
		<task>CollectionsSummaryTask</task>
		<view>CollectionsSummaryTask</view>		
	</taskView>
	<taskView>
		<task>FalloutCompletionTask</task>
		<view>FalloutCompletionTask</view>		
	</taskView>
	<taskView>
		<task>configureCollectionsTask</task>
		<view>configureCollectionsTask</view>		
	</taskView>
	<taskView>
		<task>OrderSummaryTask</task>
		<view>OrderSummaryTask</view>		
	</taskView>
	<taskView>
		<task>ProvisioningFalloutTask</task>
		<view>ProvisioningFalloutTask</view>		
	</taskView>
	<taskView>
		<task>configureBillingTask</task>
		<view>configureBillingTask</view>		
	</taskView>
	<taskView>
		<task>MarketingBaseTask</task>
		<view>MarketingBaseTask</view>		
	</taskView>
	<taskView>
		<task>FalloutCreationTask</task>
		<view>FalloutCreationTask</view>		
	</taskView>
	<taskView>
		<task>activationOrderAdslRegion1Task</task>
		<view>activationOrderAdslRegion1Task</view>		
	</taskView>
	<taskView>
		<task>ProvisioningUpdateTask</task>
		<view>ProvisioningUpdateTask</view>		
	</taskView>
	<taskView>
		<task>ProvisionSummaryTask</task>
		<view>ProvisionSummaryTask</view>		
	</taskView>
	<taskView>
		<task>BillingSummaryTask</task>
		<view>BillingSummaryTask</view>		
	</taskView>
	<taskView>
		<task>OsmCentralOMExampleCreationTask</task>
		<view>OsmCentralOMExampleCreationTask</view>		
	</taskView>
	<taskView>
		<task>BillingBaseTask</task>
		<view>BillingBaseTask</view>		
	</taskView>
</orderDefinition>
